sample,BranchLength,BranchVolume,DBHcyl,DBHqsm,LengthBranchOrder,LengthCylDiam,MaxBranchOrder,NumberBranchOrder,NumberBranches,TotalArea,TotalVolume,TreeHeight,TrunkLength,TrunkVolume,VolumeBranchOrder,VolumeCylDiam,PA,IoU,DSC,MSE,NHD
T1,546.2254639,3587.162842,1.539574027,1.539574027,2.02524066,44.48899841,5,45,297,263.8605347,36516.50781,64.08739471,71.59991455,32929.35156,2573.935059,0.863269448,0.944356149,0.833276292,0.905438779,0.055643851,0.016849721
T2,13.05033398,10.47434902,0.17290625,0.163566664,0.127753034,2.950161457,2,5,6,6.725804329,179.4947205,14.81779671,17.98008347,169.0203705,10.43626213,0.057926282,0.765289256,0.559272472,0.716925272,0.234710744,0.110591069
T3,28.18949509,55.93358612,0.152338877,0.142810628,0.170772329,6.305523396,3,8,16,6.632926464,122.5438461,13.66921425,14.06170654,66.61025238,44.00122452,0.161960751,0.691666667,0.458865095,0.627564725,0.308333333,0.183517345
T4,153.4837341,1422.731934,0.766646504,0.766646504,0.478016496,57.67424774,6,19,92,44.88822556,3469.363525,25.00662613,24.46812439,2046.631592,757.5197144,0.945915341,0.789927494,0.613015061,0.758537207,0.210072506,0.121436952
T5,390.8973999,1449.855225,0.691430032,0.712546229,1.299964547,24.92169189,8,33,245,121.864769,8682.929688,44.80761719,45.10997009,7233.07373,1072.615479,0.660104036,0.803284461,0.552688303,0.710519785,0.196715539,0.016974928
T6,97.84929657,358.256012,0.76970911,0.76970911,0.521234453,9.660906792,4,23,71,57.55070496,5104.561035,36.10842514,34.71642685,4746.305176,277.4747314,0.217719644,0.904291593,0.81023439,0.895001357,0.095708407,0.114744755
T7,767.4428711,4545.458984,1.327962756,1.327962756,2.477798223,35.33947754,7,50,352,254.5178833,25888.24609,55.52439117,53.3717041,21342.78711,3428.351563,0.821452916,0.88859127,0.718049551,0.82880696,0.11140873,0.04185595
T8,10.05402279,40.73313141,0.145919055,0.135123163,0.092540629,2.498933077,2,6,7,6.243277073,164.789978,13.76639271,14.56653404,124.0568542,39.53125763,0.052366618,0.842577031,0.722903824,0.8383234,0.157422969,0.031275455
T9,8.661581039,5.041138649,0.129707307,0.115892038,0.031934291,1.365774393,4,3,11,5.118198395,111.910965,16.04157448,16.8592453,106.8698273,3.123324871,0.043428686,0.853703704,0.732543554,0.83924599,0.146296296,0.097484493
T10,218.3316803,607.5906982,0.575896919,0.626611412,0.600618482,16.27254105,5,17,116,69.54930878,5034.53418,43.82965088,43.11679459,4426.943359,475.0715027,0.567615688,0.777486991,0.566479027,0.722108904,0.222513009,0.096737651
T11,442.5231628,959.2943726,0.714108765,0.714108765,1.981646299,78.17434692,5,41,217,128.8561096,12982.33887,56.35816574,56.17127991,12023.04297,700.5834351,2.159547806,0.918898654,0.778037776,0.87153902,0.081101346,0.050493013
T12,35.89074707,40.81757736,0.231899917,0.235392258,0.158266112,4.676568031,4,9,21,13.76189899,436.6604004,25.59219933,23.82561493,395.842804,23.75646973,0.143395126,0.889016603,0.782009873,0.87763417,0.110983397,0.136889912
T13,68.21656036,29.80853271,0.197854653,0.187225997,0.141747594,10.99110413,4,3,33,8.365343094,179.7818756,14.14975548,11.82767296,149.9733582,17.76973724,0.448113263,0.809074074,0.657815266,0.790000923,0.190925926,0.100102627
T14,124.526413,750.8398438,0.524406612,0.51802367,0.610768259,7.989184856,4,23,65,49.51673508,3039.63916,24.43832016,25.49643707,2288.799316,518.3623657,0.209820703,0.777056277,0.551328722,0.708634734,0.222943723,0.143360618
T15,86.19778442,96.27076721,0.103628673,0.103628673,0.41387096,12.79032326,4,13,45,12.88091373,189.2684174,17.38848305,16.38996506,92.99765778,57.90522385,0.269261479,0.755437978,0.568820507,0.719727528,0.244562022,0.106486149
T16,123.225029,380.26651,0.488489479,0.464661926,0.4845016,15.07741737,4,14,64,51.50892639,3600.911133,38.09718323,38.37318039,3220.644775,269.4427185,0.483107924,0.80308005,0.599342007,0.748705744,0.19691995,0.02836122
T17,93.6299057,82.43359375,0.311086804,0.311086804,0.138337448,4.691856384,8,5,72,27.50699615,1199.083862,32.9879303,33.69459534,1116.650146,18.75329399,0.180606976,0.761359571,0.482683968,0.649206678,0.238640429,0.012570114
T18,179.5086212,763.8117676,0.785615146,0.785615146,0.87315017,29.74167824,5,32,99,76.59285736,6678.962402,39.23812866,39.67879486,5915.150391,630.2070313,0.452341139,0.827030303,0.636107476,0.776963878,0.172969697,0.1806306
T19,112.3339462,830.6933594,0.560347319,0.53707546,0.736989081,13.50506592,4,39,75,67.63903809,5271.830078,39.39481354,39.33468246,4441.136719,683.7056885,0.302734852,0.779683306,0.536690103,0.695819117,0.220316694,0.106900957
T20,92.07643127,233.3746185,0.32559073,0.326969594,0.410559416,14.82956314,3,22,61,27.26119995,1125.4375,24.62812805,23.15400505,892.0628662,179.8181,0.315285861,0.85308255,0.747086826,0.85336419,0.14691745,0.091309395
T21,657.0076904,1675.645386,1.257697344,1.257697344,1.143377185,39.70676422,7,32,404,148.5073853,11014.92871,36.03036499,35.67181015,9339.28418,765.8568726,1.184057593,0.891286692,0.806152866,0.891611804,0.108713308,0.031467046
T22,83.75593567,492.946991,0.454190642,0.442328095,0.491140813,3.860753059,3,17,38,41.66773224,2288.552246,32.9397583,31.81892967,1795.605347,403.7049866,0.106897049,0.854669569,0.725128286,0.839867877,0.145330431,0.117353902
T23,262.8613892,1424.702393,1.154546618,1.154546618,1.026977062,32.25065231,6,40,156,157.5191498,22147.04297,53.23229599,52.54284668,20722.33984,1069.250366,0.653681636,0.884403686,0.671587812,0.802916693,0.115596314,0.145408276
T24,400.1228027,2082.447754,1.014269233,1.014269233,1.682337761,84.78031921,5,55,252,152.3956451,16846.98828,55.65070343,52.65669632,14764.54297,1605.209717,1.271515965,0.750657061,0.471121093,0.634522932,0.249342939,0.069713904
T25,5.71783638,35.35868073,0.295356214,0.279241353,0.047320336,0.225935906,2,3,4,17.08027267,858.918457,28.70612907,29.38283157,823.5598755,31.27562141,0.004436241,0.880867347,0.759496455,0.862487338,0.119132653,0.100386896
T26,20.86693764,26.3425312,0.130548358,0.11712268,0.174651444,2.117961645,2,8,12,4.877416611,85.65411377,11.29712677,9.744824409,59.31158447,23.77023125,0.03525126,0.829692941,0.746487431,0.854453889,0.170307059,0.163175304
T27,108.8275146,1482.307251,1.251041055,1.251041055,0.441819608,63.44277191,7,18,48,80.41719055,10362.67578,47.5759964,44.71009064,8880.370117,936.5780029,0.695609689,0.865346138,0.702793302,0.825039339,0.134653862,0.041501773
T28,190.4667816,414.5414734,0.616283536,0.551043212,0.514536917,20.6869278,8,18,90,53.97903442,3445.366943,32.49261475,31.69178963,3030.825439,261.1138916,0.651438475,0.861659664,0.702144091,0.818308995,0.138340336,0.063671835
T29,6.429887772,15.49193764,0.200951457,0.196354687,0.06060423,0,2,1,2,3.191348314,114.6931839,5.61492157,3.711552858,99.2012558,15.32043552,0,0.670216049,0.465991431,0.617521912,0.329783951,0.210287393
T30,41.75086212,44.97454834,0.450916976,0.450916976,0.260072768,3.855187178,3,11,24,12.983284,522.977478,21.09077835,18.75339508,478.0028992,36.76123047,0.097072884,0.728205128,0.453002483,0.619252025,0.271794872,0.153807413
T31,195.7640381,331.5509949,0.23195383,0.23606801,0.614984572,17.66621971,4,18,128,31.90111732,745.4798584,18.41264725,15.66339302,413.928833,180.8767853,0.524334073,0.745791246,0.502407753,0.668250176,0.254208754,0.021522164
T32,13.3164053,61.61188889,0.24590449,0.268724442,0.101833507,1.330631018,3,6,8,8.946969032,464.7468872,13.23786926,13.06648064,403.1350403,56.1632843,0.033750139,0.773965142,0.659804567,0.790274988,0.226034858,0.157033201
T33,20.5167923,62.21394348,0.406878531,0.415126324,0.12791881,2.638033628,3,7,12,28.21145058,2024.943115,29.6087265,30.18839645,1962.729126,47.32216644,0.058547504,0.811374096,0.619691781,0.763868755,0.188625904,0.139625856
T34,7.586544991,39.74976349,0.291601121,0.289792061,0.071081303,1.074598193,2,8,9,18.65631866,960.7665405,29.42069435,30.12556458,921.0167236,39.31622314,0.021100936,0.791891892,0.623896412,0.767371078,0.208108108,0.130566091
T35,14.29955864,8.066773415,0.123871356,0.114051357,0.06997446,5.592178345,2,5,8,3.58743,72.29129028,11.6253643,10.29216671,64.22451782,6.084895611,0.083665349,0.717687075,0.504401481,0.667004522,0.282312925,0.194329994
T36,1890.723999,8620.461914,1.277295828,1.277295828,1.952822924,103.0209351,8,34,1145,535.7105713,54683.68359,64.08218384,67.55397034,46063.23047,2556.275391,2.296686649,0.945342852,0.849553252,0.917848298,0.054657148,0.04986313
T37,92.06817627,180.3571014,0.418847501,0.418847501,0.439872086,8.441906929,4,18,56,30.72300911,1433.725098,24.76100731,24.79820633,1253.368042,117.8676987,0.212222978,0.91984127,0.836092821,0.910283936,0.08015873,0.066506853
T38,723.0704346,4736.00293,0.903396666,0.903396666,3.382341862,37.22970963,6,61,268,296.6929932,31149.8457,70.16210938,71.91668701,26413.8457,3325.927002,1.03619206,0.891636225,0.761324317,0.860539472,0.108363775,0.072228014
T39,8.16783905,54.30807114,0.153635621,0.147423655,0.081027754,0.350839913,2,5,6,7.090932846,212.6552124,13.39481544,13.83976364,158.3471375,53.75775528,0.011419752,0.779861111,0.627022036,0.770497856,0.220138889,0.112450405
T40,12.75991631,40.90591812,0.695621431,0.695621431,0.119896621,0.338565916,2,5,6,7.853829861,637.7207031,8.844900131,9.232902527,596.8146973,38.41159439,0.006647727,0.851037851,0.797337885,0.886122808,0.148962149,0.085296791
T41,88.59699249,274.4069824,0.388129026,0.362538308,0.352927804,11.7535944,4,14,46,29.61254501,1404.445313,26.0744133,23.47865105,1130.03833,201.1689911,0.227609903,0.675760582,0.475542534,0.635027278,0.324239418,0.05711162
T42,269.7341614,633.9985962,0.438494772,0.42997247,0.82649368,36.43835831,5,30,132,63.83703613,2927.268555,32.39666367,31.5555172,2293.27002,346.512085,0.913665533,0.835769981,0.677247352,0.805891002,0.164230019,0.10962498
T43,43.69199753,51.34636688,0.168956041,0.163747773,0.2659868,14.12695789,4,20,30,10.53334045,257.7537231,19.44049072,19.16082382,206.4073334,45.07889557,0.233168334,0.843589744,0.654319418,0.790311436,0.156410256,0.049510469
T44,18.47249031,8.4722929,0.13041091,0.1301523,0.166757047,2.069706202,2,12,14,6.005381107,135.3767548,16.16338921,16.19333076,126.90448,7.874177456,0.08787933,0.893076923,0.768642469,0.866408586,0.106923077,0.085095415
T45,16.08761024,18.17547035,0.194893166,0.194893166,0.070602566,1.23463273,3,3,11,6.494953632,158.4166412,15.09705353,16.57290459,140.2411652,10.02864838,0.032042187,0.85952381,0.746837616,0.849664957,0.14047619,0.028302069
T46,111.2939758,290.2593079,0.306512356,0.308873624,0.278623015,11.53383923,7,14,97,36.84221649,1531.589355,29.91288567,28.9051342,1241.329956,135.9536438,0.199842274,0.858184524,0.690163495,0.808625362,0.141815476,0.038269672
T47,112.3063736,593.9732056,0.376483083,0.394572318,0.613688707,14.18670082,4,18,59,56.7814827,3329.663818,39.18554688,38.11775208,2735.690674,461.0922546,0.187681198,0.858012094,0.702606319,0.822974303,0.141987906,0.031617811
T48,271.0419617,1539.419312,1.874106884,1.874106884,0.988962948,15.65112877,6,29,146,163.7402954,27436.94336,53.42725754,56.45844269,25897.52539,1209.097412,0.379004031,0.877784447,0.712777504,0.827104834,0.122215553,0.047986386
T49,30.38506126,71.32626343,1.082832694,1.082832694,0.142691016,4.582692146,4,9,26,14.87551403,2376.293457,12.60828114,13.29492378,2304.967285,61.3813324,0.1014385,0.748148148,0.650909091,0.788359788,0.251851852,0.061834827
T50,456.1203613,1794.924561,1.159697771,1.159697771,1.567026973,61.22933578,5,34,219,155.5800934,24297.94336,54.8453064,56.08353806,22503.02148,1498.702881,1.923599958,0.858878724,0.674601341,0.804264497,0.141121276,0.079355367
T51,16.12854767,40.32909012,0.311691552,0.311691552,0.148526147,0.572723746,2,4,5,8.745635986,498.256012,12.91594124,14.4403553,457.9268799,36.46658325,0.011245403,0.79248366,0.674145299,0.795298459,0.20751634,0.043593733
T52,8.729534149,27.10679245,0.115128785,0.112549104,0.064770386,0.831469059,2,5,6,4.638155937,102.2585297,11.48165512,11.67304707,75.15174103,23.73494911,0.02050647,0.704081633,0.423737758,0.594937079,0.295918367,0.037273564
T53,9.043148994,15.41834068,0.125092492,0.121675991,0.061614707,0.503124297,2,3,4,4.536601067,105.2112427,11.31509399,11.45868206,89.79290009,14.15315628,0.019310597,0.911564626,0.855026455,0.921813818,0.088435374,0.087137865
T54,21.42469215,132.7381439,0.32955274,0.32955274,0.161385551,3.13786602,3,7,13,9.283493996,409.548584,12.69821835,13.10858536,276.8104248,129.1588135,0.075763755,0.743421053,0.592917133,0.74389355,0.256578947,0.191261883
T55,108.89431,311.3608398,0.530828416,0.530828416,0.481713384,12.8401413,4,15,52,52.00062561,3817.996826,36.02648926,36.21543503,3506.635986,211.370575,0.348826319,0.78906411,0.543626972,0.703724819,0.21093589,0.14723976
T56,11.46671867,38.43828583,0.129867002,0.126689851,0.066145107,0.944166899,3,7,13,5.949502945,137.4550171,13.37975979,13.73823071,99.01674652,31.31712151,0.024756212,0.858076564,0.781026147,0.875294726,0.141923436,0.166120425
T57,22.58045959,19.10867691,0.123520367,0.117829047,0.14674598,2.367124319,3,10,18,4.652152538,86.95485687,11.27565384,9.940241814,67.84619141,14.85984993,0.076534122,0.855867347,0.749633815,0.856613688,0.144132653,0.118588095
T58,43.51615524,76.35407257,0.245655552,0.257558584,0.278368592,6.502999783,3,11,20,15.25280094,532.3954468,22.09784698,21.89930534,456.0413818,52.93086624,0.107671887,0.870039683,0.781838467,0.877166667,0.129960317,0.059339579
T59,13.1317215,37.17595291,0.17437768,0.182791039,0.123055764,0.377649307,2,6,7,8.021949768,266.966095,13.77840424,14.36181068,229.7901459,36.9597702,0.017859487,0.75199362,0.550798032,0.709584446,0.24800638,0.182030354
T60,23.12980843,37.21181488,0.148837239,0.142051533,0.18070589,2.129527569,2,9,10,6.654810905,135.6375275,10.86268806,13.63136959,98.42571259,35.51660538,0.059464913,0.83744856,0.716036904,0.832506296,0.16255144,0.08890345
T61,16.12335777,283.6296387,0.313768119,0.313768119,0.153174192,0.51598227,2,8,9,13.97132492,643.1922607,15.48174667,17.31757927,359.5626831,282.8305054,0.012911496,0.824057971,0.679354705,0.808230052,0.175942029,0.149979808
T62,19.64669037,42.50438309,0.161651582,0.154051408,0.15279147,1.442703247,2,8,15,9.465168953,261.3621216,18.39632797,18.9557476,218.8577576,36.60598755,0.028327413,0.837301587,0.694928775,0.816091143,0.162698413,0.121657655
T63,105.8362427,122.6212387,0.404952228,0.403454542,0.438087314,31.33171654,4,16,58,34.23736572,2074.939941,34.48825836,33.56611633,1952.318604,87.53165436,0.917444348,0.761423384,0.448090948,0.618489202,0.238576616,0.01373335
T64,5.791884422,19.98458672,0.260685593,0.257068604,0.038012668,1.083418369,2,3,4,11.96938324,506.787262,22.85357285,23.40603447,486.8026733,11.10165787,0.029809957,0.688045977,0.302508662,0.462065109,0.311954023,0.152800614
T65,1070.813477,3614.725098,1.53171885,1.53171885,2.883100033,87.98987579,6,79,563,334.3592224,49891.91016,55.7532959,61.91938782,46277.18359,1940.954834,1.96841085,0.710793836,0.436284691,0.600988353,0.289206164,0.055458942
T66,16.21650696,141.9629211,0.28506273,0.28506273,0.084582187,0.273849219,3,1,6,5.848773956,261.9458008,6.414018631,2.182768822,119.9828873,136.180069,0.007389297,0.767901235,0.643031623,0.782391482,0.232098765,0.044656293
T67,11.63860321,20.15591812,0.129576921,0.122686997,0.084506012,0.770495236,2,3,6,3.776203156,87.17487335,12.0285244,8.780990601,67.01895142,19.53973961,0.016951067,0.846666667,0.702508961,0.824242424,0.153333333,0.033052442
T68,29.11222076,89.72122955,0.299338311,0.293620974,0.240666509,0.669804931,3,8,11,18.79409218,966.74646,23.34321976,20.75393677,877.0251465,80.62234497,0.03609411,0.892320261,0.812077748,0.895545171,0.107679739,0.124066597
T69,40.6260643,166.7899323,0.147662386,0.147662386,0.250281841,3.875574827,3,7,16,11.96015358,308.4102173,10.02139091,12.00042915,141.6203003,126.2181931,0.101116925,0.644444444,0.512850242,0.676328502,0.355555556,0.164830918
T70,112.3221741,993.3060913,1.225550294,1.225550294,0.780296862,32.1548233,4,31,68,138.2471619,22290.33203,61.2586174,61.03330231,21297.02539,915.9921875,0.494787574,0.941774201,0.842262486,0.913465495,0.058225799,0.103272457
T71,303.0967407,1414.151001,0.494694501,0.486698747,1.47714293,18.72227287,6,40,162,93.83106995,4804.62207,41.30104828,39.34275818,3390.470459,1119.209961,0.561217427,0.765468092,0.595014423,0.745222638,0.234531908,0.024359202
T72,36.46145248,87.45943451,0.309710562,0.299199909,0.164513916,3.455464602,3,7,15,13.22267914,623.161377,16.24541473,11.1726532,535.7019653,48.57927322,0.069188356,0.842335391,0.762871771,0.864450832,0.157664609,0.079513718
T73,74.57507324,293.9238586,0.470688254,0.459831953,0.540711641,12.80203152,3,27,44,50.01596832,3863.672852,40.85386658,40.3751297,3569.748779,263.3182373,0.409353346,0.754696197,0.48163697,0.6499898,0.245303803,0.107215427
T74,20.99161339,22.38285065,0.132162035,0.121876195,0.132148564,1.924376965,2,6,10,5.202249527,92.48968506,12.65899944,12.92303562,70.10682678,15.81510448,0.051951509,0.90244709,0.833403994,0.909053045,0.09755291,0.062167299
T75,5.833865643,7.523104668,0.74747628,0.74747628,0.054065417,0.780816913,2,3,4,12.68528461,1059.480591,19.31769562,20.91747665,1051.95752,7.440121174,0.020512896,0.777146465,0.621045621,0.750746235,0.222853535,0.17927906
T76,261.6526184,468.3373718,0.566099942,0.566099942,0.67174691,56.85526276,6,20,146,79.36191559,5813.839844,49.18312073,47.81110001,5345.501953,243.4496002,1.036198139,0.760169655,0.530516054,0.687782581,0.239830345,0.03508492
T77,17.69230461,57.47703934,0.144787818,0.141370878,0.152437076,1.00795579,2,11,13,6.080690861,143.6859436,11.1517868,10.39929485,86.20891571,46.00888824,0.02194632,0.798611111,0.661693122,0.795151706,0.201388889,0.073417829
T78,17.92214584,12.3157692,0.023137748,0.023137748,0.062794931,0.595068932,4,1,6,1.74418354,13.78088093,5.182534218,1.224734426,1.465112209,5.720607281,0.011684151,0.672487745,0.513899332,0.666012936,0.327512255,0.242434796
T79,43.22682571,145.5218964,0.266114801,0.263451219,0.310996383,7.323989868,3,8,17,23.80177498,984.9343262,31.62207794,31.93147278,839.4124756,115.3154449,0.190490142,0.699330972,0.452742881,0.620322153,0.300669028,0.00592103
T80,21.76886559,12.64980221,0.170006901,0.170006901,0.117909901,1.996786356,3,7,12,4.829842091,96.97618103,11.94517994,11.09140205,84.32637024,8.242841721,0.124493875,0.877777778,0.792886457,0.884330484,0.122222222,0.079648427
T81,20.25034142,31.21906281,0.125664458,0.118959039,0.137084469,0.635374725,4,9,16,4.969625473,93.24015808,9.485985756,8.5644207,62.02109528,24.84304047,0.027397837,0.843386243,0.687765252,0.811148071,0.156613757,0.185431736
T82,72.17604828,317.6807556,0.329627693,0.319521964,0.351916343,11.16903305,4,8,31,26.05867004,1372.753418,24.37645531,22.79455948,1055.07251,304.8405151,0.485711038,0.832579186,0.718097007,0.835128343,0.167420814,0.072959805
T83,8.672241211,10.79291534,0.107317157,0.107317157,0.061620511,0,2,2,3,3.32698226,81.11593628,5.897120953,6.980880737,70.32302094,9.798042297,0,0.736961451,0.536879433,0.698370922,0.263038549,0.182904489
T84,471.5493774,4895.859375,1.523626804,1.523626804,1.906782985,22.32349777,6,80,310,287.4465942,44843.71875,58.92795944,60.24314499,39947.85156,3483.47998,0.557833791,0.911610343,0.780634369,0.8718672,0.088389657,0.02304445
T85,18.39440536,16.00631332,0.241017193,0.220074341,0.09360943,4.833012104,3,5,9,9.611415863,464.7243958,15.44735336,16.64529991,448.7181091,8.823435783,0.114160553,0.651559069,0.34139697,0.506857915,0.348440931,0.255464349
T86,19.7181263,105.807518,0.422987431,0.422987431,0.147992909,0.407169342,2,8,14,25.08452988,1647.264404,25.33989143,25.91468048,1541.456909,93.92963409,0.007994751,0.788229788,0.600981635,0.748273974,0.211770212,0.157219781
T87,21.5623703,63.53752136,0.107237585,0.106030159,0.167446628,0.364152282,2,6,8,6.172292233,119.4707336,11.49286938,10.20341778,55.93320847,62.12930679,0.011355079,0.723280423,0.551388889,0.710168558,0.276719577,0.117271282
T88,56.51039505,106.9211273,0.128297478,0.122597754,0.268110305,8.126950264,3,10,31,9.890454292,188.3496094,9.951590538,9.441687584,81.42847443,60.30412292,0.275490493,0.819753086,0.699649306,0.819783952,0.180246914,0.126811487
T89,121.1255493,633.0119019,1.19598484,1.19598484,0.688351274,3.99800086,3,27,55,108.3630524,16328.01367,43.48298645,41.12699509,15695.00195,506.9632263,0.084871717,0.850218486,0.663138421,0.796650802,0.149781514,0.113784318
T90,21.4585228,46.4248848,0.195517331,0.174910396,0.144544527,1.564722061,3,10,21,7.893419743,227.310791,11.87684345,12.6877079,180.8858948,43.02009964,0.041752256,0.822172619,0.567696921,0.717488474,0.177827381,0.183452517
T91,37.4620285,79.50836182,0.341528296,0.314794451,0.184847504,8.32418251,3,9,23,12.54879761,470.4384766,17.72135925,16.81589127,390.9300842,54.96521378,0.191821396,0.810636004,0.6361986,0.774738815,0.189363996,0.067839947
T92,40.04589844,359.047821,0.347685456,0.348493159,0.350828469,8.039750099,3,16,22,29.83227158,1868.099121,28.33584595,27.26650429,1509.05127,351.5446777,0.148845524,0.848133848,0.707067578,0.827425489,0.151866152,0.068451831
T93,27.63331413,44.99120331,0.108323842,0.104475223,0.215997905,5.720472336,3,19,27,7.211369514,132.0381165,17.42655945,17.05093384,87.04691315,42.00090408,0.170259491,0.653401361,0.388379851,0.558630268,0.346598639,0.092404995
T94,7.408800602,6.566937923,0.076219209,0.076219209,0.051278841,0,2,1,2,1.129980206,19.18095207,5.838308334,1.015042782,12.61401367,5.712582588,0,0.797348485,0.656242054,0.7892343,0.202651515,0.091627723
T95,66.83541107,101.6273956,0.369317114,0.369317114,0.44277668,10.13020325,3,21,41,19.08601189,590.5674438,26.24440193,26.60022354,488.9400024,75.17943573,0.18184869,0.891369048,0.811253336,0.895183721,0.108630952,0.063979439
T96,49.79732895,152.7349548,0.519011557,0.519011557,0.190532759,2.351334572,5,5,19,17.78030968,995.4614868,14.59973145,16.88965607,842.7265625,113.2802658,0.094524674,0.873905724,0.782385682,0.875846145,0.126094276,0.088942278
T97,14.78471565,54.57338333,0.2653552,0.2653552,0.117457904,1.803116798,2,7,8,8.265048027,267.4216919,15.04191017,15.26778316,212.8482819,51.13972473,0.058858089,0.85952381,0.7559268,0.860807067,0.14047619,0.078108885
T98,72.97710419,202.6550751,0.793451965,0.793451965,0.331179202,17.04243088,3,12,37,27.28332901,1951.307983,22.99368858,22.68199158,1748.652588,167.6157227,0.444117248,0.787595532,0.58803218,0.739677869,0.212404468,0.134394342
T99,183.4287262,688.5424805,0.779051065,0.80595994,0.666639626,16.92984009,5,23,120,108.4297714,12137.17285,47.63659286,49.14402771,11448.62988,514.2462158,0.372036874,0.892672859,0.754831653,0.858793805,0.107327141,0.084911231
T100,5.17530632,6.43009758,0.220174447,0.209897429,0.037139162,0.316914022,2,2,3,10.88689041,454.2773743,21.97817612,21.48286057,447.84729,4.701387882,0.016067455,0.875115741,0.707467031,0.825410622,0.124884259,0.051897823
T101,3.075401783,8.289367676,0.152981803,0.151805833,0.019603897,0.725399911,2,1,2,5.731893063,169.3113403,15.42406464,15.60542297,161.0219727,6.612216473,0.014356846,0.936447811,0.866960953,0.927280096,0.063552189,0.035959418
T102,23.82526779,81.62375641,0.302303225,0.302857131,0.180952057,3.963548183,3,10,15,17.07278442,720.1531372,25.50534821,26.31656837,638.5294189,69.97273254,0.077881418,0.772166105,0.579719705,0.73372964,0.227833895,0.092309328
T103,122.63577,214.01532,0.13121824,0.12710534,0.37969947,18.552776,5,23,135,17.728401,284.57513,8.534833,8.044816,70.559814,86.15016,0.40939823,0.826666667,0.713566261,0.829812886,0.173333333,0.019695888
T104,2.179308,1.9139866,0.055246264,0.055246264,0.011223855,0.95988464,2,1,2,0.24216184,2.7770915,0.51272774,0.36005417,0.8631049,1.3590897,0.018847292,0.793447293,0.633151349,0.767054573,0.206552707,0.027599832
T105,98.20276,374.9912,0.3785205,0.3785205,0.18304911,5.295016,5,8,94,22.610031,757.89624,7.3163037,7.0757847,382.9051,211.66833,0.09275542,0.992857143,0.986086957,0.992969993,0.007142857,0.004867918
T106,8.885198,42.597836,0.2234414,0.22048548,0.039772898,0.90038395,3,3,8,4.0167947,155.98189,3.4666328,3.5035264,113.384056,18.39256,0.017678997,0.938115942,0.864987604,0.927345401,0.061884058,0.003987339
T107,414.05554,343.64493,0.07620426,0.06607679,0.36533737,32.235184,7,7,400,39.31131,356.69022,9.537097,5.261182,13.045262,49.145912,0.96679074,0.846170799,0.748910537,0.855449602,0.153829201,0.021552176
T108,1283.7002,2773.0693,0.4457192,0.43769157,1.1795607,263.98355,7,27,1087,180.06435,4368.0864,23.045605,22.157736,1595.0168,771.7691,4.285363,0.901515152,0.830019294,0.90567137,0.098484848,0.002358186
T109,21.219091,23.284523,0.07045911,0.07045911,0.032250624,1.7764654,5,1,15,3.2345588,57.479836,3.130803,2.3502681,34.19531,3.8744361,0.050290857,0.942386831,0.892226178,0.942433862,0.057613169,0.035537361
T110,38.9159,97.09542,0.10632435,0.10632435,0.10078406,2.7868996,4,1,31,6.069979,114.86799,6.2799034,0.67882264,17.772564,58.618626,0.110051505,0.980072464,0.949273844,0.973871789,0.019927536,0.00593356
T111,337.8041,1017.2466,0.4205181,0.41968834,0.5417,20.226631,7,24,338,61.60887,1993.7231,14.920052,13.496354,976.4766,499.21686,0.42830145,0.921957672,0.85530248,0.921900527,0.078042328,0.07082758
T112,934.97363,3073.1338,0.37541276,0.37541276,0.8304416,45.771366,8,18,689,172.39102,4104.518,22.306534,22.402678,1031.3844,969.6212,1.1189045,0.972582973,0.94576049,0.972029867,0.027417027,0.018439334
T113,72.41654,432.9808,0.55631226,0.55631226,0.4040959,12.290287,3,38,80,25.60293,1424.1534,14.630933,18.443548,991.17255,297.01926,0.29572138,0.835016835,0.670308474,0.802355749,0.164983165,0.022981733
T114,0.9633522,11.76733,0.16960359,0.16960359,0.005135549,0,2,1,2,0.59631896,21.053635,0.17553902,0.41103888,9.2863035,6.5722566,0,0.893371212,0.808610519,0.894046986,0.106628788,0.028176072
T115,0.9633522,11.76733,0.16960359,0.16960359,0.005135549,0,2,1,2,0.59631896,21.053635,0.17553902,0.41103888,9.2863035,6.5722566,0,0.905679012,0.850375324,0.919104968,0.094320988,0.029808598
T116,724.74,2529.8577,0.667696,0.70210636,1.0202986,73.119316,9,35,603,150.50966,6722.776,23.968433,25.254168,4192.9185,884.81323,1.4893531,0.854747475,0.655934767,0.789803922,0.145252525,0.098940074
T117,832.2661,2444.4702,0.47202533,0.45477635,0.7909041,52.60906,7,25,835,154.40527,4141.4043,25.49886,24.136492,1696.9346,509.3948,1.2062736,0.967592593,0.939690692,0.968685759,0.032407407,0.012343665
T118,432.24234,989.5885,0.34568393,0.34568393,0.40550458,25.651346,6,7,338,72.375496,1697.3212,16.164848,11.910861,707.7328,204.2171,0.5211852,0.907738095,0.814262023,0.897377133,0.092261905,0.044223289
T119,7.612447,61.36768,0.1670035,0.1670035,0.055794857,0.51763713,2,3,5,3.5049274,121.94249,4.1152325,4.381345,60.57481,43.308464,0.010163781,0.907407407,0.82576026,0.903704238,0.092592593,0.016442804
T120,246.40315,456.40268,0.649418,0.649418,0.56483686,16.037079,5,20,246,42.987133,1284.3392,17.955906,17.740788,827.93616,191.52226,0.44089124,0.946969697,0.901175498,0.947626147,0.053030303,0.002650138
T121,39.945724,99.40118,0.15397403,0.14272614,0.11261263,1.5310837,4,4,34,8.54462,226.84677,6.8854856,5.8996406,127.44558,62.56584,0.036921863,0.886549708,0.815798453,0.898369968,0.113450292,0.091762377
T122,2.732257,0.9568234,0.005,0.005,0.008643627,0.2515175,2,1,2,0.27644402,1.6780953,1.3742447,1.4115858,0.7212719,0.28093934,0.004938535,0.978835979,0.959114959,0.97875064,0.021164021,0.013713196
T123,336.48584,801.83435,0.26021957,0.2601619,0.32408723,25.61272,6,9,300,57.49758,1227.0713,19.1693,17.271156,425.23697,186.16388,0.78072935,0.836904762,0.752587146,0.857929725,0.163095238,0.04966709
T124,484.29373,1400.2596,0.28783786,0.28134772,1.1091089,27.59991,5,48,486,87.754,2106.8586,22.07,22.278313,706.59906,765.1434,0.66976947,0.969187675,0.935944512,0.96679432,0.030812325,0.056786662
T125,28.994154,129.14929,0.20602474,0.19880278,0.17641144,1.302406,4,4,17,12.252672,408.1829,15.116056,14.538725,279.0336,106.55372,0.031624302,0.952645503,0.88979828,0.941227933,0.047354497,0.088203808
T126,2.3309548,15.449274,0.06972488,0.06972488,0.005193876,0,2,1,2,0.95624626,24.23307,0.93911743,0.9328691,8.783797,3.9079342,0,0.93996786,0.871462426,0.929975675,0.06003214,0.00639927
T127,2.5502229,3.3250096,0.0708592,0.0708592,0.01591465,0.39239424,2,1,2,0.37610355,4.893293,0.85099506,0.39768767,1.5682833,3.0421932,0.007704644,0.954678363,0.907157375,0.950948058,0.045321637,0.057135243
T128,93.35311,58.73053,0.09050933,0.07773195,0.22927952,13.752673,5,15,116,8.341796,82.50491,6.3829055,6.2733545,23.77438,27.503868,0.5699768,0.973684211,0.932700136,0.964426382,0.026315789,0.016583935
T129,312.69016,634.30896,0.25842205,0.25094232,0.6420239,16.873178,6,27,336,55.356922,1151.9498,19.36315,19.5598,517.6409,197.39307,0.36669084,0.953846154,0.914327392,0.954913945,0.046153846,0.03256277
T130,1759.4364,15761.761,1.0261292,0.9876257,0.86773527,102.405655,9,18,1428,454.26816,21097.396,23.326542,18.722858,5335.6377,5032.7915,2.1170483,0.894257703,0.803808328,0.891213508,0.105742297,0.00695936
T131,4.4899273,24.433952,0.08083808,0.07838786,0.037481338,0.23881415,2,2,3,2.9828255,71.190735,7.994377,8.668818,46.75678,23.590714,0.010407641,0.980709877,0.953558346,0.975914613,0.019290123,0.031337584
T132,312.45084,318.55554,0.07638995,0.07638995,0.35110715,29.405659,7,12,336,31.5314,349.35706,8.071846,3.4850075,30.801521,70.51834,0.87830406,0.960648148,0.921455939,0.959109731,0.039351852,0.004673851
T133,1689.0051,2932.4995,0.38696384,0.38169533,1.0435765,157.40988,8,23,1609,224.72853,4134.325,22.022657,19.47205,1201.8258,575.7369,3.8774304,0.952380952,0.923205742,0.959871715,0.047619048,0.006179239
T134,4.1948247,6.9805584,0.0629822,0.0629822,0.019618765,0,2,2,3,0.9277925,12.999183,2.427349,1.8808006,6.0186243,5.1219726,0,0.851717172,0.710524892,0.828518759,0.148282828,0.117039633
T135,3.1406796,2.5376413,0.079048045,0.06779411,0.025998587,0.43516386,2,4,5,1.0358943,14.675855,3.6490793,4.192124,12.138214,2.4668303,0.017998004,0.885686275,0.772608994,0.870591438,0.114313725,0.133243056
T136,3198.6514,8055.3022,0.67761326,0.6814979,1.4477702,278.12314,8,32,2956,484.9819,10963.431,22.513676,20.860153,2908.1274,1543.7225,6.324032,0.953869048,0.913949387,0.954467864,0.046130952,0.018163141
T137,550.92303,3798.2793,0.5229119,0.5364666,1.0469792,27.776842,6,37,424,154.40265,6203.142,22.61759,21.447895,2404.8628,1826.1978,0.58669955,0.950320513,0.922838016,0.95967434,0.049679487,0.009431144
T138,72.84284,67.06298,0.10127551,0.10127551,0.29051942,11.611872,3,20,78,9.165572,131.61435,12.130256,11.758316,64.55137,39.481285,0.33200094,0.837797619,0.715715716,0.833860815,0.162202381,0.028493764
T139,2416.2815,7206.4727,0.5445081,0.522044,1.9964665,187.56372,8,45,2346,417.77325,9617.342,24.919909,23.107134,2410.8699,1546.2053,4.662954,0.923469388,0.850983389,0.918650743,0.076530612,0.048952241
T140,43.208202,45.281006,0.07667543,0.078284875,0.16714363,1.15711,3,5,30,5.241383,72.62821,5.8225017,2.9175878,27.347212,22.145683,0.05404461,0.964262508,0.927141296,0.961907407,0.035737492,0.030226783
T141,9.202283,16.413277,0.050860327,0.050860327,0.031706065,0.40099695,3,1,7,1.4634029,23.784779,1.7916136,1.0501654,7.3715014,12.577111,0.007873557,0.930793651,0.870494418,0.930309479,0.069206349,0.040718838
T142,363.36618,1071.4911,0.22607148,0.22607148,0.44793025,24.369568,6,20,287,68.37081,1304.1538,16.47885,20.154,232.6627,195.46436,0.4875245,0.933080808,0.894392845,0.943499511,0.066919192,0.017348031
T143,435.59592,1129.3707,0.28143317,0.26297906,0.5847155,31.910551,6,14,436,74.892334,1666.517,19.662249,18.984476,537.1462,411.32034,0.731801,0.89673913,0.774544281,0.872907894,0.10326087,0.007252643
T144,758.4358,2599.705,0.32723647,0.32723647,0.6060759,124.34829,7,23,679,116.63793,3009.0474,12.249034,10.248764,409.3423,748.4424,2.4186485,0.876763668,0.778352367,0.87524481,0.123236332,0.006100493
T145,625.63043,1829.7515,0.23529422,0.23634802,0.549285,37.07941,7,23,630,109.74849,2175.7317,15.786053,15.598604,345.9803,324.91852,0.92732507,0.811688312,0.677526842,0.803433872,0.188311688,0.017375533
T146,896.5096,7417.6943,0.96096766,0.9991714,1.2823231,55.942028,7,32,700,259.18936,13992.252,22.109968,19.645044,6574.559,3234.5815,1.1671302,0.95462963,0.925574881,0.961293148,0.04537037,0.017817162
T147,2022.2039,4600.0967,0.49135664,0.48510918,1.7425047,123.20392,8,39,1756,310.5645,6708.49,21.84347,22.939692,2108.3936,1068.7457,2.9297304,0.914122914,0.836344724,0.910861151,0.085877086,0.003439798
T148,2939.1355,7779.0947,0.68718195,0.68718195,2.5074167,253.16995,10,57,2880,450.24048,10656.196,21.844255,22.37934,2877.1028,2810.0037,5.8203597,0.981481481,0.968253968,0.983333333,0.018518519,0.00852582
T149,20.544558,17.017706,0.06287515,0.06287515,0.041125625,1.6896083,4,3,24,2.8752403,32.804947,4.911208,5.2952433,15.787242,5.6328454,0.045597695,0.89869281,0.835631679,0.910438548,0.10130719,0.039833142
T150,299.12085,923.2564,0.4651817,0.45254064,0.51625574,17.804146,6,15,246,50.752213,1305.0499,10.744199,6.8584094,381.79364,409.92117,0.4339194,0.967824074,0.927746015,0.962325677,0.032175926,0.014199837
T151,18.222857,7.618118,0.098104246,0.09359096,0.071719654,4.626638,3,5,17,3.3163946,61.135036,10.846392,10.174133,53.516922,5.8386626,0.15766127,0.969675926,0.936019642,0.966568816,0.030324074,0.006385962
T152,22.985683,143.58649,0.3417009,0.34129864,0.046484023,1.6503508,3,3,24,8.645079,434.00882,2.8806248,3.4369988,290.4223,44.416737,0.023472194,0.821064815,0.708014226,0.82824056,0.178935185,0.035524697
T153,416.42917,2246.3672,0.67692065,0.67692065,1.0974845,22.384129,6,39,359,96.8314,3532.2463,18.428574,16.279097,1285.8794,1249.571,0.5436774,0.994077135,0.990008021,0.994977865,0.005922865,0.04666035
T154,3211.9478,12598.713,0.8110498,0.8025676,1.1013294,208.6957,9,23,2467,607.91595,17567.018,24.989414,24.10407,4968.3057,2280.7178,4.9796743,0.836740741,0.671934668,0.802624315,0.163259259,0.007051794
T155,61.54313,105.09225,0.0893314,0.08354521,0.25446737,5.1524262,6,16,70,9.837248,142.21346,7.1477957,7.379932,37.1212,62.024853,0.117066674,0.971478175,0.942134287,0.970180659,0.028521825,0.004513378
T156,123.600945,329.84158,0.1535744,0.1733428,0.38136363,7.952204,5,22,154,23.86175,523.9367,11.244541,12.162556,194.09514,188.38643,0.15740372,0.923477564,0.831078351,0.906694597,0.076522436,0.004261616
T157,185.74939,311.43777,0.18084666,0.17594679,0.4519656,18.698366,4,26,231,30.337168,561.92694,17.739944,17.875265,250.48914,119.433655,0.36398193,0.751923077,0.515444519,0.679853022,0.248076923,0.014227558
T158,251.97244,483.63205,0.24856327,0.24211879,0.51870465,31.359146,5,20,236,42.222683,938.2725,20.59507,20.513208,454.6404,171.36719,1.1149191,0.950680272,0.90611241,0.950580385,0.049319728,0.069449571
T159,1.5462127,13.237684,0.11894008,0.11894008,0.010032333,0,2,1,2,0.7607071,21.105637,1.0445023,0.7081339,7.867952,10.059942,0,0.94017094,0.889929078,0.940006741,0.05982906,0.095339721
T160,1126.2651,2867.9849,0.38408312,0.39109236,0.6600979,86.63626,8,17,1219,183.1435,4081.86,19.862915,21.480982,1213.8751,554.584,2.0608351,0.885416667,0.824386724,0.903485,0.114583333,0.127566882
T161,340.6624,696.9928,0.19025014,0.18302637,0.6226426,19.688269,5,22,344,54.65859,952.5339,20.30179,16.776886,255.54109,256.01135,0.48063704,0.974747475,0.950716846,0.974396135,0.025252525,0.114439952
T162,1895.489,5459.435,0.37527224,0.36410293,0.8126164,141.7947,8,16,1775,321.5623,6456.5317,21.011152,20.618013,997.09644,711.0945,2.9475157,0.902998236,0.833417338,0.906917434,0.097001764,0.019709986
T163,739.4064,2866.0415,0.5641879,0.5641879,0.94256,59.964695,7,22,598,151.49153,4776.2007,23.074646,25.686813,1910.1587,1148.3302,1.2544284,0.941771337,0.875554366,0.932836455,0.058228663,0.024834193
T164,122.0167,68.56745,0.0935357,0.0935357,0.15536593,25.697262,6,10,145,9.742844,83.18355,6.022415,4.238254,14.616094,13.74955,0.7447488,0.886970173,0.787012987,0.880296896,0.113029827,0.026783764
T165,1089.8293,2616.009,0.29113147,0.29411536,1.0873092,55.884415,9,31,992,179.09702,3343.5002,21.001461,21.269094,727.4913,587.12744,1.3057774,0.856944444,0.695922433,0.820668005,0.143055556,0.119476722
T166,3235.6882,11541.951,0.29692885,0.291098,1.1317472,212.29741,8,31,3048,562.6894,12316.257,23.640755,22.25099,774.30566,2106.7102,5.049071,0.943518519,0.903174603,0.947652954,0.056481481,0.062489474
T167,96.16582,430.08707,1.1620921,1.1620921,0.061741382,5.070502,6,2,91,23.75062,1700.3859,4.25021,1.1976635,1270.2987,93.16278,0.11068285,0.888183422,0.828230786,0.905714153,0.111816578,0.073550634
T168,20.502851,72.42259,0.063483275,0.063483275,0.021654325,0.19152592,4,1,15,4.25425,78.33272,3.6593428,0.6570729,5.910122,14.788476,0.003760603,0.917989418,0.854802738,0.920617052,0.082010582,0.008299602
T169,988.82196,1823.4985,0.55475855,0.55475855,0.86171377,76.316635,7,33,915,136.62317,2350.8816,16.596954,16.34053,527.3831,325.4364,1.8407643,0.946405229,0.899634503,0.946919269,0.053594771,0.017844582
T170,3.212399,17.3165,0.10999215,0.10999215,0.014645528,0,2,1,2,1.435205,47.943325,1.9134359,1.0529279,30.626827,8.414348,0,0.985620915,0.964814815,0.981929182,0.014379085,0.015236498
T171,332.5204,590.32745,0.14220248,0.13898872,0.4326969,46.981464,7,28,390,45.39849,745.67145,19.320293,19.170317,155.34398,154.41875,1.1184547,0.847777778,0.734173977,0.842436094,0.152222222,0.092948854
T172,510.08243,1048.6116,0.26861235,0.25350237,0.8120172,34.283516,6,23,559,82.49384,1526.4564,18.383297,18.438955,477.84488,305.16492,0.75563216,0.978354978,0.958438243,0.978688173,0.021645022,0.005172006
T173,915.99286,2506.9285,0.41456154,0.41456154,0.7594025,72.71875,7,20,793,160.34099,3700.723,19.345346,18.705387,1193.7944,471.60648,1.8233039,0.882304527,0.758345428,0.861542746,0.117695473,0.006317285
T174,1.9243017,10.041414,0.13669714,0.13669714,0.015736012,0.19862765,2,1,2,2.8644524,238.97893,1.1890717,2.9038815,228.93752,9.820298,0.003900045,0.823911631,0.678081059,0.80667789,0.176088369,0.016372634
T175,45.88097,66.158066,0.08182404,0.074038215,0.09560523,2.634114,4,3,44,6.0892878,73.26798,4.8391724,2.2227547,7.1099186,22.432333,0.070024155,0.925462963,0.843205602,0.91430959,0.074537037,0.004132493
T176,21.384027,270.24142,0.2652866,0.2664946,0.0959753,1.7441776,3,2,16,8.926484,410.6762,4.154296,3.2435312,140.43477,213.15686,0.034246847,0.87808642,0.776939859,0.873966955,0.12191358,0.021324923
T177,154.86017,149.40468,0.06766626,0.06766626,0.36584127,36.747814,6,24,181,15.790209,193.25558,8.851468,11.905442,43.850918,65.085526,1.3632336,0.916786917,0.852449232,0.919398262,0.083213083,0.024656849
T178,13.538497,4.7581096,0.044752438,0.044752438,0.076239854,2.7000554,3,11,21,1.3063341,10.590075,3.41263,4.142242,5.8319654,3.24898,0.068481155,0.950232725,0.91108115,0.95320911,0.049767275,0.025793149
T179,691.8447,2143.5234,0.3705588,0.36267045,0.58980757,58.457363,8,29,765,130.58034,3391.1062,24.989508,24.470324,1247.5829,483.81473,1.2319868,0.898989899,0.816764133,0.897822486,0.101010101,0.108556946
T180,1.3660645,4.2200136,0.005,0.005,0.006058258,0.31286737,2,1,2,0.58686703,14.073905,0.49505997,1.25308,9.853891,2.7117999,0.006143137,0.706632653,0.557847321,0.715254237,0.293367347,0.127632952
T181,38.03129,234.71584,0.2503015,0.2503015,0.16431595,0.58397424,3,6,28,12.05712,498.21597,7.424404,4.7207775,263.50015,173.84212,0.019886248,0.978298611,0.956814691,0.977922993,0.021701389,0.031722616
T182,3.744188,20.709848,0.19331414,0.19331414,0.023695553,0.36027312,2,1,2,2.3414435,78.02842,1.9949474,3.2459073,57.318573,16.847095,0.007073946,0.935889105,0.885595632,0.938949294,0.064110895,0.061597213
T183,105.98926,188.75851,0.19500941,0.19500941,0.081137426,15.468624,6,1,129,13.426827,210.95415,5.934128,0.74313325,22.195642,62.507698,0.33190715,0.991111111,0.979166667,0.989247312,0.008888889,0.00792892
T184,10.219582,81.742325,0.14722553,0.14722553,0.08129362,0,2,1,3,3.3290005,101.81521,4.8265753,0.68891954,20.072884,78.02986,0,0.971055089,0.943149505,0.970648088,0.028944911,0.046272702
T185,232.43958,297.25092,0.14280172,0.14235917,0.4639822,13.418663,8,19,247,31.28383,426.44614,14.882502,14.783705,129.19524,93.124985,0.29225835,0.944989107,0.87944664,0.934537588,0.055010893,0.031361422
T186,57.54655,70.93746,0.22653507,0.22517414,0.1623016,2.420835,4,7,53,10.683434,294.531,7.470335,7.0582285,223.59357,30.178267,0.048743848,0.90922619,0.848484848,0.916427615,0.09077381,0.009280405
T187,96.85212,32.680496,0.14069688,0.14031081,0.18046637,52.255882,5,15,122,8.165518,160.56877,14.232561,12.592584,127.888275,26.225353,1.4247868,0.833333333,0.733650897,0.841486291,0.166666667,0.007156195
T188,0.7909461,3.9947453,0.005,0.005,0.003608625,0.104344234,2,1,2,0.5862922,20.403109,0.4114437,0.92227954,16.408363,2.6014385,0.002048794,0.73953824,0.574523178,0.729586075,0.26046176,0.004048514
T189,41.37187,110.87372,0.110605486,0.110605486,0.048328236,1.6585855,5,3,41,7.324886,122.28031,4.0631723,1.7361554,11.406598,24.757595,0.03256625,0.917960663,0.859238964,0.923599737,0.082039337,0.032372373
T190,443.8044,1200.3545,0.27225518,0.26702505,0.7854726,31.17976,6,26,376,79.46663,1771.0533,22.466887,22.83681,570.6989,359.87473,0.7628212,0.932291667,0.891050887,0.94138867,0.067708333,0.010947432
T191,241.33475,217.50867,0.09622767,0.09622767,0.34238517,25.900793,6,14,284,24.309752,255.20099,9.56081,9.726205,37.69232,64.05842,0.7573909,0.965580247,0.930374195,0.963917284,0.034419753,0.017527565
T192,4.753034,17.4035,0.3455035,0.3455035,0.035096034,0.66317487,2,2,4,3.775865,473.56558,2.1764812,1.6182256,456.16208,13.798761,0.013021409,0.861904762,0.740118577,0.84887218,0.138095238,0.003107512
T193,361.93738,328.9695,0.14385666,0.13957328,0.44383135,61.01076,7,24,395,38.224888,481.9227,20.38108,17.793442,152.95317,98.90535,1.2751921,0.9477657,0.916787241,0.956463126,0.0522343,0.004468567
T194,1733.7314,5821.9023,0.65932375,0.76981235,1.3836476,114.78942,7,33,1494,321.93893,9105.201,23.89664,23.26569,3283.2998,1667.1688,2.7353117,0.977920228,0.95488856,0.976884921,0.022079772,0.007676609
T195,83.30999,213.76202,0.100641005,0.100641005,0.29686442,6.144457,5,25,101,16.93111,325.82385,14.067003,13.281003,112.06182,119.594795,0.11513276,0.761421911,0.510357726,0.67477491,0.238578089,0.013727575
T196,159.56177,281.83383,0.09723205,0.09723205,0.6822956,15.750369,4,64,210,24.441092,396.83685,12.502187,20.540754,115.00302,174.30481,0.45045024,0.809027778,0.691851852,0.813064805,0.190972222,0.059440006
T197,437.366,1083.1625,0.33943218,0.33325428,0.63387144,37.765903,6,18,373,74.8943,1961.0848,19.401133,17.208044,877.92236,409.79605,0.8418509,0.938596491,0.887531864,0.940135641,0.061403509,0.018776439
T198,1400.3008,1560.5597,0.22229114,0.20605586,0.91091645,361.4195,9,40,1477,132.72041,1886.4062,22.895224,17.187428,325.84677,443.1789,8.132108,0.86,0.797689076,0.88204157,0.14,0.033272674
T199,321.21057,2128.8406,0.45878458,0.46189952,0.52978325,20.399214,6,17,252,87.59625,3352.36,16.155237,11.182653,1223.5192,931.17206,0.39037925,0.915140415,0.852499129,0.919158325,0.084859585,0.122454758
T200,32.02827,118.431496,0.09256582,0.09256582,0.09096382,3.4095736,4,4,33,6.677486,168.68263,4.4141455,1.9483798,50.25115,67.57777,0.07671365,0.903472222,0.833411757,0.908687381,0.096527778,0.073078976
T201,1253.6305,2692.6604,0.27548432,0.2697736,0.73000365,75.2636,8,20,1355,192.01054,3294.3198,19.23728,19.105585,601.65967,421.15048,1.8107759,0.806122449,0.699354756,0.823009269,0.193877551,0.003453945
T202,18.505915,4.846947,0.029561033,0.029561033,0.043325152,2.927814,3,4,16,1.2724421,6.8819485,2.8882847,3.139731,2.035001,1.312451,0.15968625,0.927460317,0.866600977,0.92848737,0.072539683,0.034526187
T203,34.88298,35.317657,0.06915236,0.06915236,0.07359045,1.5463862,4,1,27,4.0741982,42.537807,5.25177,2.8772278,7.2201476,13.72718,0.030363226,0.883068783,0.797920007,0.887478778,0.116931217,0.030452993
T204,61.19921,118.413864,0.2964386,0.25421563,0.24809067,4.772068,4,21,72,12.553301,280.1767,10.836265,11.120365,161.76283,69.84638,0.09996148,0.933333333,0.880641775,0.936509815,0.066666667,0.091649244
T205,1192.2814,4965.411,0.6120897,0.6428128,1.4544679,83.76946,8,42,1120,223.99641,6741.6514,16.491198,13.796494,1776.2402,1772.7863,2.0681655,0.902857143,0.857776853,0.922943723,0.097142857,0.044907735
T206,5.8259563,74.32101,0.28070787,0.28070787,0.03286179,0.35393095,3,2,6,2.364798,98.57692,1.1301517,0.39193907,24.255913,66.018906,0.006949418,0.717094017,0.519584251,0.67870838,0.282905983,0.013633753
T207,123.334274,670.1852,0.6960318,0.6960318,0.8089825,26.67039,4,81,144,37.4303,1853.2251,19.114204,18.747797,1183.04,566.7702,0.6237557,0.979020979,0.949372057,0.973986102,0.020979021,0.012577764
T208,13.983644,22.434143,0.12491126,0.12491126,0.04435757,1.1154861,3,1,12,2.6699517,53.768963,3.3565845,1.960279,31.334822,10.460713,0.021902518,0.994152047,0.986666667,0.993197279,0.005847953,0.001925094
T209,1719.5336,4062.5872,1.0150145,1.0150145,0.94600886,276.07367,9,16,1501,264.61343,7670.2866,22.59279,20.641766,3607.6992,753.659,4.1820416,0.873148148,0.749503968,0.856638457,0.126851852,0.03781385
T210,713.9444,1963.5394,0.3806139,0.38613802,0.99843353,70.477615,7,21,736,124.16074,3020.2937,18.13804,16.97937,1056.7545,603.9507,1.6456358,0.740079365,0.623684211,0.760558168,0.259920635,0.011351881
T211,210.74976,362.63507,0.13526277,0.122985825,0.36635,11.828685,6,26,237,30.410364,443.76782,10.393127,9.417445,81.132744,110.584274,0.2765111,0.844671202,0.7370194,0.84610814,0.155328798,0.037938931
T212,68.47992,35.16667,0.0774923,0.0774923,0.17279261,18.993715,5,12,87,5.798347,66.908195,7.805834,7.760667,31.741518,23.941692,0.6633711,0.892914654,0.819930668,0.900476007,0.107085346,0.131672758
T213,558.50446,1079.5854,0.21717049,0.21255669,0.7192734,40.668896,7,31,607,86.042854,1523.6827,22.881403,22.355974,444.09747,262.6061,0.9380789,0.82962963,0.636853887,0.777452688,0.17037037,0.022409921
T214,41.677635,72.4119,0.2050694,0.2050694,0.098973826,4.272172,4,3,39,7.4471254,168.91318,5.0883255,3.7379823,96.50129,34.15184,0.09341806,0.87037037,0.793290043,0.884585219,0.12962963,0.007695434
T215,37.614624,7.94875,0.034065295,0.034065295,0.11387335,15.141486,3,6,50,1.8649323,10.023842,3.8167768,2.808018,2.0750906,4.1295114,0.44541925,0.867424242,0.799906629,0.888258577,0.132575758,0.022055102
T216,348.25528,916.34973,0.24772075,0.24212268,0.5320239,28.803005,7,20,381,63.682125,1388.7205,18.05505,18.43336,472.3707,305.57538,0.78049856,0.931216931,0.883155685,0.937871195,0.068783069,0.066478693
T217,8.389786,19.474953,0.08261616,0.08261616,0.030154195,0.4211435,3,2,10,1.3825303,20.973251,0.8499942,0.2794977,1.4982978,8.575494,0.008269133,0.976140351,0.957244009,0.978103823,0.023859649,0.004091707
T218,14.874057,18.181955,0.06648061,0.06648061,0.048730735,1.8200624,5,3,16,2.0017266,23.968346,2.5905132,1.7444103,5.786391,9.55255,0.041676752,0.892283951,0.829401319,0.90663904,0.107716049,0.101136996
T219,46.29078,82.334885,0.16717139,0.16582341,0.22615646,6.6181893,4,24,64,10.742027,269.81033,15.097229,15.186224,187.47543,68.55858,0.16768909,0.631944444,0.326710921,0.488619842,0.368055556,0.09980205
T220,747.1139,1133.7754,0.194919,0.18832977,1.0086843,66.920044,7,27,639,97.65461,1369.0459,17.235945,15.662758,235.27052,286.43372,1.592126,0.75,0.652777778,0.78974359,0.25,0.00629819
T221,2140.5942,9108.47,0.7414625,0.80215245,1.2980205,144.28203,8,32,1943,427.86023,12477.469,21.92625,25.754765,3368.9998,2573.3743,3.1819055,0.934294872,0.891452991,0.94244898,0.065705128,0.003966219
T222,164.56464,502.01575,0.5157394,0.5157394,0.16552863,8.15787,5,3,139,29.621407,727.0413,8.266493,1.0771632,225.02563,141.981,0.16194762,0.905555556,0.817353832,0.899364641,0.094444444,0.096365475
T223,291.9271,786.79395,0.48643103,0.48643103,0.52832294,23.105635,5,12,227,50.38919,1665.1561,11.121509,5.921051,878.362,417.19397,0.6219822,0.77483833,0.629551366,0.771830909,0.22516167,0.070947757
T224,354.07693,872.5193,0.18527608,0.18288015,0.599458,28.624542,6,23,391,59.904697,1125.8722,19.260187,17.25672,253.35275,268.66092,0.64936936,0.863768116,0.780357375,0.875103099,0.136231884,0.022168221
T225,6.489426,7.1714306,0.0843029,0.0709348,0.060286626,0,2,1,2,1.6654493,24.864357,3.8231115,4.262864,17.692926,6.6378345,0,0.736111111,0.630244755,0.770445344,0.263888889,0.010043399
T226,263.07516,2596.2202,0.5055639,0.5055639,0.29625463,12.846903,7,8,252,86.69811,4433.7964,16.66374,13.323583,1837.5759,820.3758,0.25716764,0.913194444,0.831914345,0.905059606,0.086805556,0.027767912
T227,24.661644,8.707111,0.031832565,0.031832565,0.07727747,6.9459524,3,4,23,1.795788,11.3898,4.465271,4.061312,2.6826892,2.7478545,0.1608635,0.960982373,0.927887151,0.962585437,0.039017627,0.069115923
T228,441.56146,685.24414,0.2257962,0.22111303,0.78731185,25.131231,8,24,420,64.03996,1044.7466,17.10339,16.677029,359.5024,206.18651,0.5285866,0.937435897,0.8774705,0.934464748,0.062564103,0.020205843
T229,267.07428,792.12604,0.18897447,0.22496685,0.6598539,27.145784,5,31,267,42.734707,1088.509,12.027191,11.215504,296.3831,467.6843,0.78984237,0.902777778,0.814259337,0.895096817,0.097222222,0.003114812
T230,41.89729,182.07744,0.050907787,0.050907787,0.08992669,2.9243686,5,6,35,8.731595,196.69675,4.8439074,3.2175448,14.619279,80.246704,0.06588153,0.954655248,0.907851973,0.951690551,0.045344752,0.012129982
T231,8.523448,24.530931,0.12045295,0.12045295,0.027420197,0.620889,3,1,8,2.5257711,81.15703,1.7115002,1.7930827,56.626102,14.624323,0.012191127,0.890013495,0.792916175,0.883293043,0.109986505,0.054771282
T232,456.48517,973.02814,0.37613896,0.37613896,0.4288047,93.93392,8,19,471,63.50276,1350.4723,20.529995,19.2078,377.44406,280.15042,1.7751627,0.980080526,0.964172018,0.98173803,0.019919474,0.008464559
T233,1268.7241,1888.8005,0.23475048,0.23475048,1.6133447,149.97401,7,63,1268,151.8044,2189.0068,20.139862,28.011215,300.2059,536.30896,4.6288085,0.978750776,0.96020413,0.979681852,0.021249224,0.009472716
T234,506.63446,1556.756,0.23281899,0.23281899,0.7626716,42.093533,7,30,494,93.79536,2128.3398,16.466873,17.462837,571.58356,513.67285,1.058527,0.972348485,0.949373984,0.973846997,0.027651515,0.028007167
T235,18.924944,8.134133,0.035103563,0.035103563,0.049160615,4.040686,3,5,24,1.5491289,10.9532995,3.52252,3.0540137,2.8191657,3.1751058,0.13556364,0.983604158,0.964634337,0.981941299,0.016395842,0.02583146
T236,687.0777,1329.4928,0.75069964,0.75069964,1.1807072,51.45919,7,52,623,99.7206,2526.3096,21.21274,28.034363,1196.8168,546.55664,1.3832476,0.929399256,0.880836842,0.936380604,0.070600744,0.073666406
T237,142.23132,357.499,0.14081168,0.13654102,0.43977046,17.630964,5,45,204,24.117167,486.8604,11.087958,11.534676,129.3614,184.15535,0.5523049,0.943599034,0.896377076,0.945272874,0.056400966,0.00284135
T238,1816.2255,4658.5693,0.45369565,0.43752065,1.0191407,129.12193,8,26,1727,292.0522,6171.832,22.67799,21.360773,1513.2623,815.0985,3.1593206,0.907720588,0.833391693,0.90908682,0.092279412,0.013968503
T239,59.67206,149.90419,0.08425421,0.08425421,0.09949898,5.50759,4,5,64,9.9091015,160.12688,4.3701897,2.6373572,10.222696,34.416874,0.13115533,0.758333333,0.571895425,0.717730496,0.241666667,0.021536031
T240,6.245947,17.46495,0.060887016,0.060887016,0.04371372,0.5285337,2,3,5,1.4881828,25.728199,1.1870022,1.5988805,8.263248,14.031925,0.010377735,0.792084727,0.636652326,0.77425933,0.207915273,0.003412667
T241,106.62847,176.28035,0.30753064,0.30753064,0.10854761,7.6216416,4,2,78,16.298357,339.74133,7.783386,4.1889186,163.46098,39.492447,0.18842666,0.880504459,0.829064543,0.906504253,0.119495541,0.092073255
T242,246.13399,466.66818,0.101546496,0.101546496,0.7099121,29.233873,6,46,286,35.27031,548.3691,12.202545,12.156276,81.70092,235.34111,0.74045616,0.912271062,0.855713451,0.921242407,0.087728938,0.127746823
T243,52.82454,105.39284,0.097486265,0.097486265,0.11693805,2.1846547,4,1,48,7.512327,125.704094,6.8879595,0.85658747,20.311256,58.255737,0.05772251,0.968939394,0.93132943,0.96413212,0.031060606,0.074747655
T244,9.047263,105.98576,0.5518298,0.5906658,0.06383832,0.31555945,2,4,7,12.40713,1361.2755,5.5538635,5.5734186,1255.2898,91.72166,0.006195996,0.918710517,0.820373045,0.900141565,0.081289483,0.068722257
T245,26.073648,9.339235,0.0352251,0.0352251,0.16195971,7.5525694,3,21,41,2.184187,19.222496,4.9551964,5.5345426,9.883262,7.178091,0.17784165,0.981764069,0.957241085,0.978050654,0.018235931,0.008564706
T246,3986.9597,17327.725,1.0002451,1.0002451,1.3955913,261.88748,10,18,3293,767.91125,22750.73,25.419197,24.197489,5423.0073,3464.4324,6.0577784,0.971212121,0.946520327,0.972429171,0.028787879,0.021521356
T247,54.454712,70.95736,0.12956853,0.117537625,0.13876548,5.319297,4,7,57,7.608261,118.39939,6.7996464,5.781305,47.44203,36.248802,0.1587571,0.940752058,0.906081139,0.9502352,0.059247942,0.099853564
T248,235.68263,494.44174,0.25398412,0.2706308,0.19298361,15.5702715,8,9,218,43.8531,1033.8687,19.033554,17.767561,539.42694,76.37133,0.36527628,0.963621399,0.938386228,0.967794328,0.036378601,0.023820914
T249,637.53265,1823.1292,0.31472582,0.30689025,1.0984998,37.373734,7,32,666,121.62373,2809.7693,24.823118,24.372452,986.6399,641.37726,0.7750313,0.913787879,0.858901171,0.923604769,0.086212121,0.118094817
T250,338.81052,637.6621,0.34816954,0.34816954,0.7980508,32.16994,6,30,297,42.742966,849.2263,12.896455,12.414055,211.56418,349.88495,0.7693909,0.948148148,0.907704209,0.951561494,0.051851852,0.078133848
T251,13.885626,32.453705,0.84504384,0.84504384,0.04254948,1.0969372,4,1,10,4.356154,562.4031,3.8050241,0.9449002,529.94934,25.898758,0.021538312,0.970982143,0.944730342,0.971423775,0.029017857,0.002761487
T252,1129.355,3043.6606,0.33992007,0.34585977,1.1829097,76.43755,7,50,1204,179.80518,4042.6558,20.568716,20.380121,998.99536,994.3198,1.741144,0.979967949,0.964478108,0.981901782,0.020032051,0.0085586
T253,3.2449434,11.081749,0.41857967,0.41857967,0.009432834,0.30864787,3,1,3,2.1218581,168.58063,0.91252613,1.1445409,157.49887,2.5714905,0.006060287,0.921657754,0.878306561,0.935193487,0.078342246,0.128135337
T254,168.8129,250.28716,0.3075034,0.3075034,0.41312507,28.802399,6,24,166,24.606628,680.42285,14.586707,14.450408,430.13565,126.21362,0.62262696,0.859583333,0.751102599,0.85687073,0.140416667,0.007774009
T255,517.97644,1092.8651,0.18240596,0.17150466,0.7186106,38.00884,5,34,554,80.065994,1317.1104,20.700506,20.594418,224.24515,331.67368,0.9606623,0.864616402,0.738678109,0.849126653,0.135383598,0.083928677
T256,1381.8885,3432.4355,0.38890523,0.38254797,0.89487505,96.23347,8,17,1273,227.91731,4725.061,24.282242,24.84451,1292.6255,631.9653,2.0088499,0.95042735,0.91208577,0.953839288,0.04957265,0.035594878
T257,7089.3745,51977.832,1.4301325,1.4301325,1.6101302,564.28406,9,25,4514,1610.1232,63430.805,30.162931,28.221214,11452.986,11722.427,12.616999,0.887396694,0.777933427,0.873621749,0.112603306,0.025873186
T258,718.6034,2235.8093,0.3344157,0.33403862,1.1971562,36.849335,6,35,657,139.2869,3330.0571,23.740944,23.96197,1094.248,762.84625,0.8178472,0.967407407,0.937846938,0.967810914,0.032592593,0.004568956
T259,128.03821,183.79485,0.12178616,0.12465325,0.26165482,5.9268284,5,17,145,18.656172,265.19785,10.95446,10.787925,81.402985,59.7754,0.14340426,0.975473251,0.950803958,0.974753836,0.024526749,0.00651173
T260,251.8882,498.91556,0.23560077,0.22718218,0.31460118,12.59621,6,9,218,43.958183,881.6001,17.291956,16.714706,382.68454,128.4578,0.33170277,0.993040123,0.98843272,0.994172974,0.006959877,0.029390133
T261,141.8707,424.0927,0.2545195,0.2559716,0.3756245,13.077835,5,18,172,32.060555,943.778,16.994549,16.083824,519.6853,207.42625,0.29125318,0.950588235,0.905140645,0.949940161,0.049411765,0.05588719
T262,619.6698,1411.7955,0.28627166,0.27554327,0.757869,39.299423,7,25,648,104.86677,2066.8667,19.615868,19.347328,655.0713,327.9403,0.8548048,0.899355878,0.834236946,0.907152044,0.100644122,0.019910208
T263,503.30313,1057.3307,0.26463968,0.26013458,0.6360417,59.550594,8,21,521,82.27943,1688.1896,21.740582,20.4715,630.85895,211.72874,1.2418126,0.967355372,0.940938086,0.969483834,0.032644628,0.043058744
T264,249.59203,716.5301,0.16712865,0.16712865,0.8336676,23.046518,4,48,263,43.248837,841.092,11.200489,10.02369,124.56191,375.21506,0.5414842,0.95875,0.911549708,0.953204443,0.04125,0.001986012
T265,398.4129,2466.325,0.26620018,0.26620018,0.40274924,21.452475,8,16,326,97.39916,2871.1184,10.570213,5.9802666,404.79318,884.7422,0.41226313,0.93963444,0.885559117,0.937935562,0.06036556,0.002916008
T266,229.71095,288.84763,0.13394429,0.13394429,0.26835695,27.042248,7,11,205,27.123642,343.29514,7.37831,8.41226,54.4475,45.96124,0.7521412,0.930612245,0.893162393,0.94318411,0.069387755,0.004540117
T267,223.79494,186.1108,1.0378762,1.0378762,0.26085368,63.864635,6,9,193,33.449577,2370.668,21.134365,20.708532,2184.5574,36.96234,1.9656348,0.9652634,0.922932331,0.959831571,0.0347366,0.026472426
T268,26.794313,27.68686,0.08554631,0.08554631,0.05801298,1.5622897,4,3,29,3.4395404,40.57269,3.1612034,2.6338277,12.885828,9.980632,0.069977306,0.937040441,0.899494048,0.947013975,0.062959559,0.049327666
T269,289.92822,505.04578,0.50311416,0.50311416,0.39793152,13.370366,6,23,262,43.62575,1107.4647,10.081709,11.057885,602.41895,183.49753,0.3027563,0.884717135,0.801557104,0.889699045,0.115282865,0.020211421
T270,634.52545,1918.4888,0.22230257,0.2163539,0.8305692,47.48888,6,46,710,113.28461,2375.9226,19.80533,19.504807,457.43372,480.23193,1.2325232,0.966820988,0.944170266,0.971055418,0.033179012,0.025074947
T271,699.59625,2476.169,0.33899894,0.33899894,0.6518971,41.99353,8,18,593,132.35728,3230.2415,20.43386,21.492346,754.0722,830.4981,0.9943692,0.950617284,0.909007324,0.952323352,0.049382716,0.061293528
T272,46.29078,82.334885,0.16717139,0.16582341,0.22615646,6.6181893,4,24,64,10.742027,269.81033,15.097229,15.186224,187.47543,68.55858,0.16768909,0.930555556,0.868515276,0.928410045,0.069444444,0.059893414
T273,281.05426,510.2686,0.23657212,0.23512565,0.5436672,13.602787,6,18,320,47.456623,950.5055,17.963293,18.29284,440.23697,192.59532,0.36040816,0.963068182,0.927309977,0.962136716,0.036931818,0.061486972
T274,701.76526,2425.191,0.28665978,0.29478672,0.79752785,41.025414,7,28,651,130.00499,2989.6086,20.275854,21.361753,564.41797,845.4642,0.90347815,0.938707729,0.893997877,0.943749834,0.061292271,0.036370398
T275,67.55807,1085.0062,0.32041603,0.3229216,0.40264937,1.6872002,3,10,28,30.89079,1574.8772,11.226073,8.400974,489.87103,880.8087,0.04156265,0.94885615,0.906378513,0.950836328,0.05114385,0.021042788
T276,22.394384,76.36876,0.3109754,0.3109754,0.110125124,0.87564266,3,4,13,5.8562055,211.31123,5.7487087,3.2908278,134.94247,63.72416,0.017193202,0.966450216,0.95070686,0.974512744,0.033549784,0.018533372
T277,423.65793,1359.81,0.34620813,0.36219284,0.98077345,26.140955,5,29,413,87.13037,2341.141,23.713203,24.163317,981.3311,631.83124,0.5650555,0.952160494,0.914370761,0.955126878,0.047839506,0.094697022
T278,3655.6846,15231.057,0.7593425,0.82354915,1.8465706,204.52686,10,27,3061,717.9358,20368.893,27.617527,25.504278,5137.836,3377.9834,4.6120095,0.976190476,0.951073296,0.974730309,0.023809524,0.009261181
T279,35.905815,356.3712,0.36868012,0.36868012,0.17990437,2.2755172,3,11,39,15.55915,831.65704,4.3346663,4.446426,475.2858,262.99847,0.044679675,0.957671958,0.911616162,0.953585203,0.042328042,0.01323476
T280,61.39635,267.47577,0.050406095,0.050406095,0.09002863,4.5103354,5,3,55,12.022362,284.5362,4.877428,1.831862,17.060423,94.32534,0.13408358,0.914834105,0.861710703,0.924039549,0.085165895,0.056234951
T281,68.646935,46.12956,0.090262316,0.08641075,0.35833645,8.935012,3,41,97,8.047162,92.38285,13.103872,12.500357,46.253292,32.859673,0.2943553,0.966899266,0.945776169,0.971771933,0.033100734,0.021985889
T282,132.58624,161.06088,0.105655916,0.11431258,0.36424655,13.179933,5,24,127,17.187635,282.3215,9.484201,9.107482,121.26059,64.16651,0.26508135,0.869572922,0.718595875,0.835925465,0.130427078,0.100367548
T283,2007.2579,4140.609,0.36419436,0.36289674,1.9303497,115.3216,7,39,1896,304.54132,5421.792,21.96086,22.595587,1281.1835,900.43463,2.6754477,0.822390572,0.70223604,0.823440088,0.177609428,0.033508306
T284,243.55882,305.66348,0.072522126,0.072522126,0.13177134,18.80969,8,4,244,28.16564,322.7584,7.2945642,3.870764,17.094902,33.951466,0.5030033,0.893333333,0.826255188,0.904782912,0.106666667,0.113356793
T285,206.01273,470.21487,0.22752294,0.2230696,0.36558682,17.75127,6,12,244,37.9274,830.9606,16.989748,15.140845,360.7457,174.31169,0.40887067,0.935909823,0.885155012,0.938781334,0.064090177,0.047392793
T286,101.698616,128.09512,0.09332173,0.094064444,0.22624132,6.197992,6,14,126,12.634074,154.76733,5.8464355,5.542938,26.6722,47.815292,0.17737685,0.942753623,0.889713112,0.941249069,0.057246377,0.024787831
T287,763.6163,3466.6301,0.42703775,0.42703775,1.3994402,43.355465,7,39,631,167.20279,4676.098,22.27502,20.199091,1209.4681,1485.9916,0.95289236,0.935281385,0.870638108,0.929027702,0.064718615,0.027385895
T288,4.444854,59.89599,0.23048836,0.23048836,0.02877274,0.022481227,2,1,2,3.8151395,330.33096,1.2562094,1.4858363,270.43497,51.151756,0.000441418,0.914536341,0.848661959,0.917243419,0.085463659,0.00997837
T289,766.69226,2033.3479,0.31694376,0.31296197,1.2353283,55.417015,8,32,767,132.60817,2914.2827,19.960665,18.116253,880.9349,745.6863,1.3287185,0.833747412,0.666560847,0.798778375,0.166252588,0.035220754
T290,111.5402,246.97256,0.17406802,0.17406802,0.26955616,9.008577,5,7,122,18.76583,356.74188,11.193642,8.960568,109.7693,110.53086,0.20135936,0.846230159,0.723297167,0.839348,0.153769841,0.070033854
T291,94.56878,109.0673,1.4459927,1.4459927,0.39469007,13.755482,5,27,98,21.61197,2865.0723,12.306897,14.169621,2756.005,65.06175,0.25370046,0.980709877,0.97108147,0.985205112,0.019290123,0.006528753
T292,15.607418,39.255695,0.2745488,0.2745488,0.031000825,0.034329843,3,3,17,4.48541,164.44307,3.0547256,3.4449878,125.187386,14.861596,0.000674065,0.974206349,0.94756028,0.973007996,0.025793651,0.034408121
T293,24.016409,46.044704,0.05409901,0.05409901,0.038269427,1.1463517,5,2,19,3.8179698,58.36569,2.9844007,1.8050139,12.320987,7.884018,0.03715852,0.933232552,0.864731273,0.926357923,0.066767448,0.047291497
T294,101.730316,395.58633,0.4835857,0.4835857,0.25253332,5.4520597,5,8,90,24.981617,1053.5537,7.2857356,6.341929,657.9674,208.85634,0.13778567,0.912797619,0.860284983,0.924299924,0.087202381,0.023560812
T295,151.30913,129.42519,0.06253255,0.056952916,0.26045632,22.22118,5,11,157,14.845464,145.6381,8.526569,7.4772515,16.212925,39.52102,0.53793204,0.972222222,0.945608256,0.972019222,0.027777778,0.039535209
T296,489.85666,936.369,0.27169436,0.26979715,0.7977418,42.21553,7,22,514,77.16722,1566.3967,21.054724,19.280796,630.02783,267.10513,1.0516397,0.985780423,0.97353964,0.986577847,0.014219577,0.004704955
T297,420.10477,993.8967,0.22548796,0.23611479,0.37731782,40.686726,7,13,449,65.772385,1380.6995,19.004055,17.369688,386.80276,164.1957,1.1807517,0.860071301,0.781767837,0.875238133,0.139928699,0.068562583
T298,129.50589,390.45593,0.25691006,0.25691006,0.34893334,11.649809,4,8,69,36.933365,1270.9613,23.24841,23.106844,880.5053,129.28186,0.26288283,0.894981562,0.787952463,0.878332762,0.105018438,0.005778591
T299,87.11593,427.9133,0.31594172,0.31594172,0.24609005,8.850662,4,9,69,19.081581,725.09454,5.7402964,3.81768,297.18124,308.3496,0.27240106,0.958333333,0.923076923,0.958888889,0.041666667,0.047838562
T300,9.13852,13.246935,0.19020608,0.19020608,0.054458708,1.9971114,2,4,9,2.3938751,66.17605,3.7887154,3.1379094,52.929115,10.065216,0.029777642,0.946759259,0.906743574,0.951083475,0.053240741,0.016140519
T301,2122.6409,11045.735,0.6974168,0.75908095,1.3427019,148.41591,9,21,1768,476.927,15034.206,23.169687,21.649826,3988.471,2513.1372,3.240019,0.991488383,0.984929757,0.992378713,0.008511617,0.003166498
T302,26.142658,24.784952,0.17961004,0.17961004,0.063415825,2.6752636,4,2,26,4.2704964,159.11662,4.391053,1.925218,134.33168,10.020805,0.061693504,0.932900433,0.874161834,0.930620167,0.067099567,0.027106353
T303,9.24611,16.960663,0.050210442,0.050210442,0.05065915,1.2653097,3,2,7,1.6976211,29.625002,2.551609,1.7466795,12.664341,12.477528,0.024844298,0.972402597,0.946679977,0.972262953,0.027597403,0.030464492
T304,831.8814,1772.1044,1.42208,1.42208,1.2324852,73.139305,7,51,741,115.28175,6450.401,24.586637,23.477962,4678.2954,981.0598,2.1922963,0.820741758,0.681639443,0.809189249,0.179258242,0.035405036
T305,146.85847,72.383194,0.046575733,0.046575733,0.07888484,15.676622,6,2,159,10.888485,78.77916,7.519394,2.0618172,6.395974,7.2700195,0.5522604,0.968240741,0.939171341,0.968310724,0.031759259,0.029945229
T306,262.99817,401.07443,0.13327219,0.12752101,0.27730125,24.16599,6,16,289,33.16266,445.54495,9.312067,4.805564,44.470535,80.50744,0.5686045,0.893633303,0.812732169,0.8951809,0.106366697,0.065369915
T307,563.67334,1180.6244,0.39903876,0.39903876,0.592825,38.40249,6,22,601,89.74032,1770.6945,19.480078,22.53794,590.07,248.62668,0.9032352,0.97979798,0.961979055,0.980620662,0.02020202,0.015239851
T308,106.705345,277.83344,0.16790284,0.16610773,0.32735142,5.9549465,6,17,94,23.787474,503.45398,19.617695,19.933823,225.62053,131.57059,0.12957942,0.862337662,0.767337929,0.868246051,0.137662338,0.02479146
T309,3169.6624,12542.333,1.1864225,1.1864225,1.6194217,205.35075,9,33,2837,612.2176,21068.203,29.206179,28.91591,8525.871,2970.2441,4.7568064,0.870667459,0.776992347,0.868960485,0.129332541,0.059814416
T310,99.38345,361.09534,0.24748549,0.24343902,0.34197715,5.6660705,5,30,113,24.829865,727.39496,12.716864,11.292644,366.29965,196.85677,0.11224871,0.97989418,0.967395728,0.983389978,0.02010582,0.039989573
T311,37.968075,16.684395,0.053457044,0.045697343,0.091619045,6.8918138,5,9,48,3.0589614,23.129904,5.824533,4.966119,6.445509,6.438381,0.28824598,0.9603663,0.928300244,0.962594766,0.0396337,0.076592233
T312,39.605976,17.316345,0.13433093,0.11539272,0.13769907,8.554625,4,8,49,3.912266,73.44986,6.1528225,4.311279,56.133507,10.157282,0.2508479,0.90510697,0.858329227,0.922129363,0.09489303,0.003663192
T313,270.916,822.2561,0.21922953,0.21744879,0.4717025,25.297102,7,24,235,54.33155,1270.0605,22.756548,19.65583,447.80426,201.71132,0.5377164,0.905228758,0.800373149,0.888684637,0.094771242,0.123687086
T314,936.4976,2573.0564,0.38701212,0.3830765,0.9796349,89.38411,6,25,896,138.05484,3701.6628,22.14957,20.217018,1128.6063,1000.72064,2.4465296,0.884126984,0.813266253,0.896183132,0.115873016,0.091840081
T315,1.6713641,3.0013535,0.24678263,0.24678263,0.002427244,0,2,1,2,0.6159741,26.400795,1.3091459,0.48919994,23.39944,0.5150559,0,0.828174603,0.686408106,0.811354776,0.171825397,0.007996349
T316,2083.2622,8256.056,0.8420905,0.8420905,0.84059715,144.49568,8,18,1627,396.39404,12724.074,25.100687,24.071964,4468.017,2063.7769,3.2941694,0.885185185,0.816332498,0.898669567,0.114814815,0.225245469
T317,0.8878276,3.710865,0.09170272,0.087565586,0.004073618,0,2,1,2,0.7707044,23.128584,1.5222926,1.5694196,19.417719,2.5282576,0,0.904761905,0.834385876,0.909028845,0.095238095,0.132892561
T318,380.38995,821.8489,0.28832835,0.2827514,0.65487367,31.91334,6,20,391,67.21834,1548.9534,20.145021,21.050241,727.10455,296.43707,0.7941497,0.911458333,0.839136355,0.912307539,0.088541667,0.048359175
T319,12.001673,52.222294,0.120972276,0.120972276,0.039364375,2.1875196,3,4,14,3.4050198,90.58877,2.291068,2.4482634,38.366474,23.806591,0.03970265,0.763416478,0.659947299,0.79029734,0.236583522,0.20591701
T320,527.24896,2244.0505,0.4110464,0.4110464,0.7011597,62.6638,5,20,513,94.00402,3023.372,19.556154,19.59153,779.3214,622.9099,2.2433763,0.820634921,0.739886781,0.850494875,0.179365079,0.097633616
T321,554.59906,2087.097,0.24737822,0.24774888,0.6350365,48.246986,6,19,477,109.78311,2643.287,20.307812,19.270182,556.19006,454.45822,0.9998911,1,1,1,0,0.027409588
T322,59.259804,173.95609,0.11670221,0.11314576,0.1288223,3.5100193,5,7,62,10.111459,215.88861,6.4198513,4.416159,41.932526,109.09375,0.11770189,0.981481481,0.958333333,0.977777778,0.018518519,0.016263168
T323,86.46373,42.651146,0.06657955,0.06046059,0.19181018,18.573883,6,14,95,7.308402,61.066296,9.502017,9.628693,18.415146,16.517029,0.5224012,0.827350427,0.678182384,0.804761905,0.172649573,0.09859246
T324,41.01283,52.36046,0.06581238,0.06581238,0.07447824,2.3152685,3,3,45,5.056654,56.404175,3.814055,1.9523029,4.043712,15.584677,0.05099903,0.932098765,0.894444444,0.94384132,0.067901235,0.040739774
T325,44.44537,125.14617,0.20591341,0.21309902,0.12515016,1.2946558,4,12,56,10.690846,285.23477,6.538958,6.663272,160.08861,61.033245,0.025420506,0.992592593,0.984848485,0.992248062,0.007407407,0.038391451
T326,578.62964,4391.635,0.6619234,0.6619234,1.3840151,31.286953,7,37,444,163.77727,6859.4478,22.874008,23.54939,2467.813,2573.1426,0.68083787,0.904238619,0.821116831,0.900874349,0.095761381,0.014370835
T327,397.05157,1263.619,0.32919616,0.31748328,0.911814,60.723614,7,55,431,71.94672,2013.6157,16.78705,15.374896,749.9969,680.05707,1.0751343,0.825,0.688666419,0.81550507,0.175,0.072664705
T328,496.6086,999.81335,0.3158226,0.3158226,0.5563557,42.21004,8,15,472,76.71359,1588.2732,18.205185,15.880485,588.4598,311.70334,0.96379185,0.938039216,0.89263285,0.943027711,0.061960784,0.005377124
T329,71.18746,62.125618,0.06665889,0.060927622,0.18298826,7.954706,4,18,86,8.66223,87.90745,12.039642,13.000199,25.781834,20.348186,0.24895002,0.941358025,0.890826616,0.942046958,0.058641975,0.015711324
T330,335.65747,590.1772,0.13281693,0.13281693,0.6717507,35.94258,5,34,336,45.854435,697.0875,12.3094845,13.65706,106.91039,211.9366,0.93836707,0.937950938,0.877525253,0.934582358,0.062049062,0.101588714
T331,98.90914,140.811,0.53618824,0.53618824,0.09107999,5.64477,6,1,94,16.154995,647.383,9.106058,3.7692325,506.57208,31.191448,0.15472323,0.775462963,0.66323709,0.794361838,0.224537037,0.097111619
T332,383.54855,562.3277,0.26471516,0.2647145,0.75672615,30.725437,7,27,378,55.977646,1138.6283,19.554497,19.387943,576.30066,216.69968,0.7707107,0.918518519,0.891513057,0.942443593,0.081481481,0.035408266
T333,64.81092,42.698322,0.05759568,0.05759568,0.07192105,5.187587,5,4,72,5.853216,48.41782,5.056181,3.0617516,5.719498,7.352198,0.1509188,0.958333333,0.944444444,0.96969697,0.041666667,0.006049203
T334,797.4876,1504.6514,0.34277526,0.30101448,0.62176085,70.31436,8,26,872,106.79245,2046.7406,16.869139,15.941252,542.08936,351.83484,1.9203461,0.734814815,0.590789666,0.741918312,0.265185185,0.083357123
T335,31.31416,30.846674,0.07618998,0.06603139,0.08997828,0.6627523,3,3,23,3.858159,41.97104,5.5258846,3.0671024,11.124366,13.191175,0.029185746,0.947916667,0.895520189,0.944159715,0.052083333,0.00590328
T336,47.683285,54.97637,0.07706404,0.07706404,0.24224184,3.262264,4,16,40,6.0719275,73.604965,6.381975,4.5310125,18.628593,39.79432,0.07248623,0.993764172,0.985809313,0.99282667,0.006235828,0.02498974
T337,169.95052,269.04047,0.7514962,0.7514962,0.4843424,10.872594,4,20,150,36.530556,1931.348,20.319195,21.565622,1662.3076,107.34756,0.2649276,0.930555556,0.904357668,0.948440066,0.069444444,0.064749085
T338,418.00702,499.80914,0.1271063,0.13085052,0.5813604,26.575891,6,23,454,50.02137,577.24945,13.051124,13.478112,77.44029,113.13658,0.6266509,0.690972222,0.456737054,0.625531499,0.309027778,0.070563731
T339,16.75497,50.54747,0.005,0.005,0.033562124,0.51764816,4,2,18,2.8653345,57.399612,2.836669,0.7363064,6.8521447,29.725704,0.010163998,0.951851852,0.917283951,0.956558989,0.048148148,0.027749054
T340,54.85032,415.4599,0.19103251,0.19103251,0.060405474,3.7777524,5,3,63,14.9512615,457.4166,2.0111322,0.6495075,41.956696,85.833916,0.07417598,0.801587302,0.661645022,0.795638968,0.198412698,0.212934219
T341,113.6174,1047.4558,0.8474825,0.8474825,0.46771675,25.154133,4,20,87,39.794704,3003.6218,20.491552,18.81613,1956.1658,710.78375,0.56131256,0.852040816,0.730603448,0.842739464,0.147959184,0.187121558
T342,87.20896,786.05383,0.2610134,0.22019644,0.24146225,4.698462,4,5,57,26.904163,985.6341,7.6555796,4.087727,199.5802,379.32065,0.10408641,0.888888889,0.816986855,0.898696503,0.111111111,0.129326612
T343,7.163006,6.6063194,0.05981795,0.05981795,0.05961544,0.15986277,2,4,5,1.5619375,16.133278,6.4870567,6.6695523,9.526958,6.1964073,0.006599209,0.628117914,0.515448604,0.677027899,0.371882086,0.210115271
T344,68.96198,49.017612,0.07593637,0.07593637,0.18576771,9.877759,4,14,93,6.983888,69.45687,8.5443,7.4402,20.43926,21.28959,0.31751534,0.85462963,0.808888889,0.893093181,0.14537037,0.056780177
T345,423.06656,1458.8109,0.2873243,0.28603843,0.38335484,32.01214,7,14,336,83.26838,2008.2554,17.702866,16.484352,549.4445,344.70093,0.68418187,0.70523416,0.499484724,0.662641899,0.29476584,0.019219267
T346,327.6814,600.4912,0.22652264,0.22652264,0.4520589,28.742874,6,16,254,51.103317,823.19543,17.93895,21.647753,222.70418,164.05647,0.5537,0.816666667,0.73034188,0.842427249,0.183333333,0.007655537
T347,44.901546,34.144367,0.05832645,0.05832645,0.15211906,3.772148,4,7,42,5.712533,194.8151,7.558583,4.135671,160.67072,15.712472,0.0995058,0.822916667,0.748891719,0.852668882,0.177083333,0.235648756
T348,15.664212,7.21593,0.046389405,0.046389405,0.09491395,2.863552,3,11,18,1.8549712,15.256137,6.4526954,6.866116,8.040207,4.5098267,0.10411453,0.808333333,0.698172198,0.816057816,0.191666667,0.01188425
T349,1394.143,4416.0366,0.6168158,0.6168158,0.53386205,95.48343,9,20,1179,256.16574,6375.394,23.774881,22.738676,1959.3584,582.6263,1.9686451,0.970833333,0.954317713,0.976134029,0.029166667,0.03015564
T350,6.3060603,25.192368,0.060258646,0.060258646,0.019250553,0.58294904,2,1,7,1.5563827,32.697742,1.2413197,0.99208593,7.505374,13.353758,0.011446177,0.895833333,0.862470862,0.923188406,0.104166667,0.032457483
T351,7.1757116,13.408935,0.07806467,0.07806467,0.041474126,0.6335112,3,4,10,1.6309997,27.332464,2.6716585,2.731897,13.92353,10.73689,0.022046559,0.907777778,0.806349206,0.892659933,0.092222222,0.034827912
T352,53.834736,41.687202,0.10136592,0.10136592,0.19569996,8.5895815,3,9,48,6.284456,107.09043,6.3289194,6.939052,65.40324,22.659132,0.24942546,0.985714286,0.974095797,0.986783581,0.014285714,0.027700339
T353,148.18036,581.16815,0.18197171,0.17859577,0.66963214,7.6895056,5,61,180,36.46518,943.4328,20.90194,22.168583,362.26465,386.8972,0.21324332,0.894545455,0.818783069,0.900012569,0.105454545,0.019114129
T354,81.30868,370.13882,0.2603821,0.2592861,0.43091014,4.9260893,5,36,89,22.376705,705.1512,9.610964,9.731447,335.0124,242.50542,0.09672355,1,1,1,0,0.023897232
T355,11.323534,5.354964,0.03526311,0.03526311,0.04349131,0.45860323,3,4,12,1.2398535,12.792042,3.621251,2.4521058,7.4370785,2.6788921,0.013594139,0.783549784,0.619455749,0.762055088,0.216450216,0.037732343
T356,702.6127,1546.1803,0.13490553,0.13512191,1.1600972,52.25985,6,62,763,105.97314,1724.1256,16.097692,21.06827,177.94542,447.3114,1.1857611,1,1,1,0,0.03633717
T357,6.4894896,4.0470552,0.05808919,0.05808919,0.048846703,1.0442822,2,4,6,0.8262689,7.8771224,1.9343495,2.2895553,3.8300674,3.700338,0.014003764,0.908950617,0.848990452,0.917295685,0.091049383,0.006683203
T358,34.120426,45.565323,0.11637491,0.10909292,0.07762783,1.5797036,4,7,30,4.753441,61.104855,4.6735516,3.0266883,15.539528,19.265633,0.031017404,0.9,0.832167832,0.90389016,0.1,0.061456837
T359,471.5012,698.6475,0.16416928,0.15906492,0.8209243,79.03851,6,25,399,58.711235,890.7306,21.6703,22.478891,192.08313,185.69124,1.7930341,0.983333333,0.970355731,0.984840655,0.016666667,0.031981237
T360,17.389023,33.213104,0.19110163,0.19005333,0.10143061,1.8800118,2,10,21,5.780142,186.09787,9.0739975,7.825302,152.88477,28.294207,0.039247107,0.883333333,0.837037037,0.910486443,0.116666667,0.05421265
T361,102.90797,345.64713,0.069532394,0.06643501,0.15811466,3.832265,5,4,81,19.485811,406.16107,8.13274,3.235258,60.51397,130.96039,0.06694977,0.914351852,0.865674603,0.927132566,0.085648148,0.10627769
T362,1088.5004,3428.3855,0.62017816,0.62017816,1.2528272,92.40088,10,35,913,191.0567,5008.946,22.132975,20.970533,1580.5603,1175.7635,2.5136688,0.90530303,0.829847215,0.90229637,0.09469697,0.126641448
T363,4.108177,21.146034,0.08978997,0.08978997,0.027984776,0.22435552,2,1,3,1.3145542,34.749496,1.9431372,0.7794298,13.60346,16.468397,0.00440521,0.868686869,0.753646995,0.859042347,0.131313131,0.073666073
T364,12.663833,4.280591,0.13012579,0.13012579,0.06501739,3.1346273,3,3,12,1.9117103,37.368584,3.0448608,4.876376,33.087994,3.669434,0.13470143,0.744444444,0.564327485,0.718773946,0.255555556,0.086743627
T365,354.07693,872.5193,0.18527608,0.18288015,0.599458,28.624542,6,23,391,59.904697,1125.8722,19.260187,17.25672,253.35275,268.66092,0.64936936,0.95,0.920589904,0.957778847,0.05,0.01141995
T366,311.94626,600.02167,0.29133815,0.29133815,0.6713431,26.901962,6,28,295,52.082375,1108.5536,18.554228,19.050602,508.53183,207.85341,0.72939944,0.967857143,0.94672619,0.972559394,0.032142857,0.037106598
T367,25.594,55.62706,0.11796099,0.11796099,0.066525295,2.1485398,4,3,22,4.890321,107.12658,4.7876263,3.281193,51.499516,34.588467,0.050935894,0.719373219,0.498050682,0.656128025,0.280626781,0.009278607
T368,1069.4221,3773.714,0.72115505,0.72115505,1.2776248,65.42195,7,42,908,199.5591,5343.928,21.964396,21.68508,1570.2137,1452.7942,1.4596692,0.769444444,0.614141414,0.752007252,0.230555556,0.03967302
T369,23.606903,53.75384,0.15066187,0.14725144,0.038385797,0.4320048,5,1,22,4.3565702,80.617004,3.145443,1.8938699,26.863163,21.066889,0.008482395,0.857142857,0.75647641,0.860191706,0.142857143,0.033000713
T370,512.2954,1495.3964,0.39763144,0.39763144,0.8467723,39.09352,6,40,450,95.560936,3517.3738,18.487722,19.791576,2021.9777,789.65155,0.80455726,0.978571429,0.962626263,0.980753809,0.021428571,0.022013713
T371,219.50967,208.51791,0.0954262,0.0954262,0.1119191,16.331394,6,2,203,23.008411,246.3619,6.2129936,3.5695884,37.843975,24.965048,0.44321933,0.767806268,0.510144928,0.671957672,0.232193732,0.006862774
T372,192.9391,1413.4431,0.289723,0.2431412,0.13760726,10.185312,6,3,184,47.08387,1660.7949,8.566725,5.3767576,247.35172,482.31644,0.20198627,0.901302401,0.808860487,0.89326564,0.098697599,0.071450221
T373,459.51254,536.44977,0.15260996,0.1491622,0.6540969,43.83114,6,24,510,51.89344,669.5905,12.329068,13.131594,133.1408,180.51003,0.9970271,0.8125,0.72540913,0.83659734,0.1875,0.014623963
T374,1276.1195,4016.6047,1.0999607,1.0999607,1.1396962,77.40075,7,29,1048,230.68979,6240.0312,21.714645,21.002613,2223.4265,1002.6388,1.6587262,0.866666667,0.783469376,0.877229111,0.133333333,0.017135948
T375,124.20553,268.69595,0.4105272,0.4105272,0.11834383,9.02495,6,5,120,21.367125,654.4297,6.6549892,3.8267334,385.73376,52.589653,0.21272,0.852733686,0.782927015,0.878225538,0.147266314,0.080723382
T376,1089.8293,2616.009,0.29113147,0.29411536,1.0873092,55.884415,9,31,992,179.09702,3343.5002,21.001461,21.269094,727.4913,587.12744,1.3057774,0.972222222,0.954904372,0.976889035,0.027777778,0.020217554
T377,388.11417,930.6769,0.25826272,0.25826272,0.97105867,23.747114,6,31,370,68.86922,1451.538,20.759056,19.771833,520.86115,433.5296,0.49074537,0.904761905,0.855218855,0.921934236,0.095238095,0.212807238
T378,4.074063,4.6011634,0.13428594,0.13428594,0.03683662,0.14511167,2,3,4,1.2649599,28.112616,1.3129654,2.8730183,23.511454,4.4967756,0.002849261,0.947777778,0.9108021,0.953092172,0.052222222,0.011067393
T379,67.70273,107.19508,0.15329972,0.17117673,0.29127443,9.295043,4,15,71,11.479321,272.98047,9.172971,8.902601,165.78537,69.50029,0.21320437,0.893333333,0.832844933,0.908412698,0.106666667,0.125222743
T380,901.28827,2161.4316,0.39018527,0.3665375,1.2479525,49.1729,7,31,777,149.38377,3195.0803,17.914612,17.324738,1033.6489,619.21674,1.0492703,0.847578348,0.771502399,0.867478147,0.152421652,0.058302964
T381,144.67033,71.27302,0.61315,0.66369516,0.14344719,21.709064,6,2,138,15.004828,743.2701,8.026562,3.242077,671.9971,11.893747,0.6002324,0.958888889,0.934476342,0.966081571,0.041111111,0.046856357
T382,14.690701,17.232101,0.057724815,0.057724815,0.07438199,0,3,2,11,1.9089195,21.200853,4.687131,2.2717383,3.9687521,11.517284,0,0.960622711,0.935309738,0.966546547,0.039377289,0.062973789
T383,137.39792,188.25323,0.005,0.005,0.09924614,9.088672,6,2,136,16.079515,194.84673,7.2846746,0.86663294,6.593497,41.08844,0.21936807,0.797430083,0.656277245,0.787796915,0.202569917,0.012748624
T384,240.29924,859.3228,0.5216976,0.5216976,0.71882766,19.341747,5,34,220,57.86564,2757.3857,16.250633,12.904708,1898.0629,534.0061,0.34923425,0.953333333,0.907058175,0.951148431,0.046666667,0.026807034
T385,101.83916,120.24708,0.10575188,0.10575188,0.14670098,20.466307,5,5,88,11.4748125,152.1405,6.3909397,4.198878,31.893425,33.52283,0.51358527,0.675925926,0.494420703,0.660074709,0.324074074,0.235983067
T386,8.899931,25.109016,0.11797393,0.11797393,0.061870556,0.73496777,2,4,7,2.6228285,68.233185,2.8266582,3.0426023,43.124172,21.951157,0.014431058,0.702505828,0.44314529,0.613371296,0.297494172,0.059529501
T387,41.46188,295.08524,0.005,0.005,0.08014242,2.218866,4,3,37,10.793893,320.68936,5.0727205,1.4300711,25.604143,128.22264,0.043567337,0.817754262,0.709815547,0.829573935,0.182245738,0.100333913
T388,10.9525585,7.828082,0.06575277,0.06575277,0.040275935,0.7711312,4,4,12,1.3849818,15.632486,2.180132,2.7701252,7.804404,5.4134846,0.025337022,0.777777778,0.708498024,0.828306878,0.222222222,0.093317325
T389,1.8794484,32.709553,0.3859279,0.3859279,0.007678567,0.2168739,2,1,2,1.3834163,92.41206,0.5395584,0.51037616,59.70251,24.328339,0.004258309,0.798941799,0.711885865,0.829646678,0.201058201,0.177510793
T390,2.9586515,10.139571,0.105003454,0.105003454,0.02405324,0.7796343,2,3,4,1.1197308,35.93386,1.4448748,1.7582483,25.79429,9.330351,0.015308084,0.877916667,0.791136154,0.883364959,0.122083333,0.118573466
T391,8.125179,7.594778,0.060038526,0.060038526,0.054621138,0.8912549,3,6,11,1.3657402,26.22528,3.599824,2.3982034,18.630503,7.126923,0.04703341,0.806666667,0.718462824,0.83242349,0.193333333,0.017964741
T392,26.130352,23.367441,0.06354322,0.06354322,0.14651512,3.7218869,4,13,32,3.071804,33.9712,4.009413,4.014492,10.603757,16.545055,0.14707127,0.741666667,0.552264808,0.710800311,0.258333333,0.055513583
T393,1288.6904,3833.8816,0.44362265,0.44750732,1.1682076,86.27233,8,32,1350,225.89989,4982.319,20.496191,21.076855,1148.4376,859.0923,1.8720897,0.725694444,0.481442206,0.649756681,0.274305556,0.010921615
T394,326.0381,720.4745,0.24394713,0.24685094,0.5583395,13.856457,6,21,366,59.78411,1237.8097,19.193281,19.852392,517.33514,192.3022,0.2798663,0.813636364,0.683625953,0.811603107,0.186363636,0.013062725
T395,514.45795,730.8509,0.17721461,0.1787355,0.6663325,48.694534,7,27,484,62.894558,795.6364,9.792205,11.663069,64.78552,200.08846,1.2257104,0.958333333,0.932098765,0.963407662,0.041666667,0.049881624
T396,2.8443673,7.365394,0.10840107,0.10840107,0.016268013,0,2,1,3,0.93222106,16.736538,0.54652977,1.6973822,9.371143,4.2810984,0,0.709259259,0.544283414,0.703667214,0.290740741,0.045418668
T397,17.49925,125.95361,0.005,0.005,0.04097258,0.7908596,5,1,15,5.0440965,150.67436,2.7282772,1.3599839,24.720758,65.888794,0.015528492,0.955304929,0.921067014,0.95824515,0.044695071,0.02951776
T398,610.04,2531.5288,0.35537988,0.35537988,0.79450834,38.338764,6,25,501,123.51397,3197.3545,19.004229,19.131044,665.82544,1112.5791,0.7089838,0.961835749,0.919487408,0.957727959,0.038164251,0.026158275
T399,14.67025,36.40483,0.19066003,0.19066003,0.07958758,0.16568127,2,3,8,3.860391,148.24995,2.2551184,1.6330422,111.84514,22.261574,0.003253144,0.807957393,0.684706654,0.812694059,0.192042607,0.017793277
T400,210.27667,521.2635,0.18704286,0.18639918,0.55674547,15.46417,5,32,222,40.923164,872.1756,20.686337,21.20202,350.91205,249.03946,0.31963667,0.906084656,0.838636364,0.911987852,0.093915344,0.033117818
T401,24.87835,90.30881,0.08463002,0.08463002,0.12687883,2.5750082,3,11,28,6.02852,158.4068,3.44239,3.5487037,68.09801,58.389652,0.04458681,0.975054825,0.938247919,0.9679738,0.024945175,0.040559621
T402,924.71405,3781.4385,0.6150939,0.6150939,0.6395808,69.241425,8,19,792,182.60295,4613.1484,21.506073,19.608486,831.7098,883.1248,1.6285883,0.970899471,0.936286831,0.966955267,0.029100529,0.02756631
T403,201.60635,800.4705,0.33704913,0.33704913,0.67425936,10.815334,5,31,177,48.18984,1581.545,17.807077,19.742228,781.07446,495.68732,0.25061202,0.942386831,0.909694989,0.952629879,0.057613169,0.043100519
T404,88.36425,102.88171,0.10010854,0.09754816,0.19952577,8.003768,5,14,105,11.069969,140.39957,7.182237,7.635706,37.51784,38.019424,0.21859117,0.981428571,0.967840154,0.983629375,0.018571429,0.006412927
T405,2.9914598,8.835405,0.054438513,0.054438513,0.026186537,0,2,3,4,0.9291367,17.770536,0.7122154,1.8308048,8.935131,8.563536,0,0.914965986,0.795455447,0.886017959,0.085034014,0.016368367
T406,298.09946,238.0858,0.12612347,0.12011631,0.39132872,36.972946,6,24,375,30.401384,349.27585,15.103703,15.825706,111.19009,59.898018,1.1745821,0.941358025,0.905092593,0.950031626,0.058641975,0.027692079
T407,94.3162,614.3581,0.4363873,0.4363873,0.15768205,8.105914,5,3,87,25.075872,853.4894,4.3790073,2.1062708,239.13133,225.79892,0.16616248,0.982010582,0.970540379,0.985033337,0.017989418,0.011956136
T408,1219.1388,3097.923,0.34132206,0.33469018,0.72066903,95.02033,9,28,1312,193.58356,3973.4353,22.396488,21.48397,875.51215,561.0145,2.5552182,0.904761905,0.824705882,0.903777619,0.095238095,0.014761775
T409,501.8866,579.73145,0.10020482,0.10020482,1.0212448,59.657143,5,54,522,57.74275,678.3134,19.38965,22.37711,98.581955,200.92583,1.6395887,0.758730159,0.623524624,0.764833206,0.241269841,0.029224214
T410,14.32932,79.8929,0.0943447,0.0943447,0.033493172,2.0999768,3,1,12,3.6308506,101.03895,2.785801,1.0911422,21.14605,42.07,0.032840002,0.8515625,0.758867397,0.862198778,0.1484375,0.012488388
T411,330.34583,2554.2554,0.51489335,0.51489335,0.61551744,22.69489,6,17,286,86.423004,3431.277,10.223866,6.527833,877.0215,1412.171,0.49393332,0.976190476,0.95002846,0.974350422,0.023809524,0.014438666
T412,302.53278,1310.7743,0.314664,0.3088872,0.33088982,17.30279,6,9,263,61.093212,1649.5405,8.019728,4.355947,338.766,464.4044,0.3322256,0.872727273,0.806016451,0.890460948,0.127272727,0.01584392
T413,1794.0868,7072.2705,0.6889551,0.7137743,1.2216607,147.98505,8,25,1382,351.59735,10040.705,26.068224,24.213358,2968.4338,1633.9548,2.7623746,0.930555556,0.871273713,0.928601079,0.069444444,0.063219908
T414,74.24493,165.111,0.148743,0.14907303,0.16089086,5.6275597,5,7,86,13.164626,256.7318,7.2085276,7.7500196,91.62085,87.368195,0.1411571,0.969082126,0.93994709,0.968554284,0.030917874,0.017719345
T415,62.73727,158.072,0.3363268,0.3363268,0.12800461,5.933607,6,7,57,11.989562,341.03625,8.902733,9.138288,182.96423,99.22236,0.21937244,0.938137755,0.895987982,0.944338624,0.061862245,0.023530894
T416,200.94513,102.95819,0.05734947,0.05855157,0.27551708,21.330467,6,11,216,15.703221,116.13994,9.224041,7.5612793,13.181755,19.716269,0.68085873,0.914814815,0.856558136,0.922609406,0.085185185,0.039544648
T417,78.83797,123.218,0.14385183,0.13909712,0.30242154,9.329276,4,19,80,14.4249115,269.5707,16.789059,16.82817,146.35272,68.550804,0.25964516,0.952102478,0.89826317,0.946372717,0.047897522,0.002185544
